{
    "v": "5.5.7",
    "meta": {
      "g": "LottieFiles AE 0.1.21",
      "a": "",
      "k": "",
      "d": "",
      "tc": "#FFFFFF"
    },
    "fr": 30,
    "ip": 0,
    "op": 46,
    "w": 1000,
    "h": 1000,
    "nm": "Comp 1",
    "ddd": 0,
    "assets": [],
    "layers": [
      {
        "ddd": 0,
        "ind": 1,
        "ty": 4,
        "nm": "Top",
        "sr": 1,
        "ks": {
          "o": { "a": 0, "k": 100, "ix": 11 },
          "r": {
            "a": 1,
            "k": [
              {
                "i": { "x": [0.667], "y": [1] },
                "o": { "x": [0.333], "y": [0] },
                "t": 0,
                "s": [0]
              },
              { "t": 31, "s": [45] }
            ],
            "ix": 10
          },
          "p": {
            "a": 1,
            "k": [
              {
                "i": { "x": 0.667, "y": 1 },
                "o": { "x": 0.333, "y": 0 },
                "t": 0,
                "s": [500, 304, 0],
                "to": [0, 33.333, 0],
                "ti": [0, -33.333, 0]
              },
              { "t": 31, "s": [500, 504, 0] }
            ],
            "ix": 2
          },
          "a": { "a": 0, "k": [6, -356, 0], "ix": 1 },
          "s": { "a": 0, "k": [100, 100, 100], "ix": 6 }
        },
        "ao": 0,
        "shapes": [
          {
            "ty": "gr",
            "it": [
              {
                "ty": "rc",
                "d": 1,
                "s": { "a": 0, "k": [692, 23], "ix": 2 },
                "p": { "a": 0, "k": [0, 0], "ix": 3 },
                "r": { "a": 0, "k": 0, "ix": 4 },
                "nm": "Rectangle Path 1",
                "mn": "ADBE Vector Shape - Rect",
                "hd": false
              },
              {
                "ty": "fl",
                "c": {
                  "a": 0,
                  "k": [
                    0.9607843137254902, 0.6509803921568628, 0.13725490196078433, 1
                  ],
                  "ix": 4
                },
                "o": { "a": 0, "k": 100, "ix": 5 },
                "r": 1,
                "bm": 0,
                "nm": "Fill 1",
                "mn": "ADBE Vector Graphic - Fill",
                "hd": false
              },
              {
                "ty": "tr",
                "p": { "a": 0, "k": [6, -356], "ix": 2 },
                "a": { "a": 0, "k": [0, 0], "ix": 1 },
                "s": { "a": 0, "k": [100, 100], "ix": 3 },
                "r": { "a": 0, "k": 0, "ix": 6 },
                "o": { "a": 0, "k": 100, "ix": 7 },
                "sk": { "a": 0, "k": 0, "ix": 4 },
                "sa": { "a": 0, "k": 0, "ix": 5 },
                "nm": "Transform"
              }
            ],
            "nm": "Rectangle 1",
            "np": 3,
            "cix": 2,
            "bm": 0,
            "ix": 1,
            "mn": "ADBE Vector Group",
            "hd": false
          }
        ],
        "ip": 0,
        "op": 300,
        "st": 0,
        "bm": 0
      },
      {
        "ddd": 0,
        "ind": 2,
        "ty": 4,
        "nm": "Mid",
        "sr": 1,
        "ks": {
          "o": {
            "a": 1,
            "k": [
              {
                "i": { "x": [0.833], "y": [0.833] },
                "o": { "x": [0.167], "y": [0.167] },
                "t": 0,
                "s": [100]
              },
              { "t": 31, "s": [0] }
            ],
            "ix": 11
          },
          "r": { "a": 0, "k": 0, "ix": 10 },
          "p": { "a": 0, "k": [500, 506, 0], "ix": 2 },
          "a": { "a": 0, "k": [6, -356, 0], "ix": 1 },
          "s": {
            "a": 1,
            "k": [
              {
                "i": { "x": [0.667, 0.667, 0.667], "y": [1, 1, 1] },
                "o": { "x": [0.333, 0.333, 0.333], "y": [0, 0, 0] },
                "t": 0,
                "s": [100, 100, 100]
              },
              { "t": 31, "s": [3, 3, 100] }
            ],
            "ix": 6
          }
        },
        "ao": 0,
        "shapes": [
          {
            "ty": "gr",
            "it": [
              {
                "ty": "rc",
                "d": 5,
                "s": { "a": 0, "k": [692, 23], "ix": 2 },
                "p": { "a": 0, "k": [0, 0], "ix": 3 },
                "r": { "a": 0, "k": 0, "ix": 4 },
                "nm": "Rectangle Path 1",
                "mn": "ADBE Vector Shape - Rect",
                "hd": false
              },
              {
                "ty": "fl",
                "c": {
                  "a": 0,
                  "k": [
                    0.49411764705882355, 0.8274509803921568, 0.12941176470588237,
                    1
                  ],
                  "ix": 4
                },
                "o": { "a": 0, "k": 100, "ix": 5 },
                "r": 1,
                "bm": 0,
                "nm": "Fill 1",
                "mn": "ADBE Vector Graphic - Fill",
                "hd": false
              },
              {
                "ty": "tr",
                "p": { "a": 0, "k": [6, -356], "ix": 2 },
                "a": { "a": 0, "k": [0, 0], "ix": 1 },
                "s": { "a": 0, "k": [100, 100], "ix": 3 },
                "r": { "a": 0, "k": 0, "ix": 6 },
                "o": { "a": 0, "k": 100, "ix": 7 },
                "sk": { "a": 0, "k": 0, "ix": 4 },
                "sa": { "a": 0, "k": 0, "ix": 5 },
                "nm": "Transform"
              }
            ],
            "nm": "Rectangle 1",
            "np": 3,
            "cix": 2,
            "bm": 0,
            "ix": 1,
            "mn": "ADBE Vector Group",
            "hd": false
          }
        ],
        "ip": 0,
        "op": 300,
        "st": 0,
        "bm": 0
      },
      {
        "ddd": 0,
        "ind": 3,
        "ty": 4,
        "nm": "Bottom",
        "sr": 1,
        "ks": {
          "o": { "a": 0, "k": 100, "ix": 11 },
          "r": {
            "a": 1,
            "k": [
              {
                "i": { "x": [0.667], "y": [1] },
                "o": { "x": [0.333], "y": [0] },
                "t": 0,
                "s": [0]
              },
              { "t": 31, "s": [-45] }
            ],
            "ix": 10
          },
          "p": {
            "a": 1,
            "k": [
              {
                "i": { "x": 0.667, "y": 1 },
                "o": { "x": 0.333, "y": 0 },
                "t": 0,
                "s": [500, 704, 0],
                "to": [0, -33.333, 0],
                "ti": [0, 33.333, 0]
              },
              { "t": 31, "s": [500, 504, 0] }
            ],
            "ix": 2
          },
          "a": { "a": 0, "k": [6, -356, 0], "ix": 1 },
          "s": { "a": 0, "k": [100, 100, 100], "ix": 6 }
        },
        "ao": 0,
        "shapes": [
          {
            "ty": "gr",
            "it": [
              {
                "ty": "rc",
                "d": 1,
                "s": { "a": 0, "k": [692, 23], "ix": 2 },
                "p": { "a": 0, "k": [0, 0], "ix": 3 },
                "r": { "a": 0, "k": 0, "ix": 4 },
                "nm": "Rectangle Path 1",
                "mn": "ADBE Vector Shape - Rect",
                "hd": false
              },
              {
                "ty": "fl",
                "c": {
                  "a": 0,
                  "k": [
                    0.9607843137254902, 0.6509803921568628, 0.13725490196078433, 1
                  ],
                  "ix": 4
                },
                "o": { "a": 0, "k": 100, "ix": 5 },
                "r": 1,
                "bm": 0,
                "nm": "Fill 1",
                "mn": "ADBE Vector Graphic - Fill",
                "hd": false
              },
              {
                "ty": "tr",
                "p": { "a": 0, "k": [6, -356], "ix": 2 },
                "a": { "a": 0, "k": [0, 0], "ix": 1 },
                "s": { "a": 0, "k": [100, 100], "ix": 3 },
                "r": { "a": 0, "k": 0, "ix": 6 },
                "o": { "a": 0, "k": 100, "ix": 7 },
                "sk": { "a": 0, "k": 0, "ix": 4 },
                "sa": { "a": 0, "k": 0, "ix": 5 },
                "nm": "Transform"
              }
            ],
            "nm": "Rectangle 1",
            "np": 3,
            "cix": 2,
            "bm": 0,
            "ix": 1,
            "mn": "ADBE Vector Group",
            "hd": false
          }
        ],
        "ip": 0,
        "op": 300,
        "st": 0,
        "bm": 0
      }
    ],
    "markers": []
  }