{"v":"4.8.0","meta":{"g":"LottieFiles AE ","a":"","k":"","d":"","tc":""},"fr":30,"ip":1,"op":210,"w":1080,"h":1080,"nm":"Facebook","ddd":0,"assets":[{"id":"comp_0","layers":[{"ddd":0,"ind":1,"ty":5,"nm":"facebook","sr":1,"ks":{"o":{"a":0,"k":100,"ix":11},"r":{"a":0,"k":0,"ix":10},"p":{"a":0,"k":[540,827.75,0],"ix":2},"a":{"a":0,"k":[170.023,-26.25,0],"ix":1},"s":{"a":0,"k":[100,100,100],"ix":6}},"ao":0,"t":{"d":{"k":[{"s":{"s":75,"f":"HelveticaNeue-Medium","t":"facebook","j":0,"tr":29,"lh":90,"ls":0,"fc":[0.012,0.434,0.781]},"t":0}]},"p":{},"m":{"g":1,"a":{"a":0,"k":[0,0],"ix":2}},"a":[{"nm":"Animator 1","s":{"t":0,"xe":{"a":0,"k":0,"ix":7},"ne":{"a":0,"k":100,"ix":8},"a":{"a":0,"k":100,"ix":4},"b":1,"rn":0,"sh":2,"s":{"a":1,"k":[{"i":{"x":[0.667],"y":[1]},"o":{"x":[0.333],"y":[0]},"t":94,"s":[0]},{"t":157,"s":[100]}],"ix":1},"e":{"a":0,"k":0,"ix":2},"o":{"a":1,"k":[{"i":{"x":[0.667],"y":[1]},"o":{"x":[0.333],"y":[0]},"t":94,"s":[0]},{"t":157,"s":[100]}],"ix":3},"r":1},"a":{"p":{"a":0,"k":[0,128,0],"ix":2},"o":{"a":0,"k":0,"ix":9}}}]},"ip":0,"op":211,"st":0,"bm":0},{"ddd":0,"ind":2,"ty":4,"nm":"Facebook Outlines 2","sr":1,"ks":{"o":{"a":0,"k":100,"ix":11},"r":{"a":0,"k":0,"ix":10},"p":{"a":0,"k":[540,594,0],"ix":2},"a":{"a":0,"k":[16.5,33,0],"ix":1},"s":{"a":1,"k":[{"i":{"x":[0.348,0.348,0.833],"y":[1,1,1]},"o":{"x":[0.618,0.618,0.333],"y":[-0.003,-0.003,0]},"t":84,"s":[0,0,100]},{"t":98,"s":[545,545,100]}],"ix":6}},"ao":0,"shapes":[{"ty":"gr","it":[{"ind":0,"ty":"sh","ix":1,"ks":{"a":0,"k":{"i":[[0,0],[0,0],[-3.319,0],[0,0],[0,0],[0,-19.206],[0,0],[0,0],[0,0],[0,0],[0,0],[0,0],[0,0],[0,0],[0,0]],"o":[[0,0],[0,-3.319],[0,0],[0,0],[-3.614,-0.456],[0,0],[0,0],[0,0],[0,0],[0,0],[0,0],[0,0],[0,0],[0,0],[0,0]],"v":[[5.098,-8.105],[5.098,-15.219],[11.025,-20.909],[16.005,-20.909],[16.005,-30.157],[-6.521,-15.693],[-6.521,-8.105],[-16.005,-8.105],[-16.005,2.802],[-6.521,2.802],[-6.521,32.697],[5.098,32.697],[5.098,2.802],[13.872,2.802],[15.53,-8.105]],"c":true},"ix":2},"nm":"Path 1","mn":"ADBE Vector Shape - Group","hd":false},{"ty":"fl","c":{"a":0,"k":[0.054901964962,0.521568655968,0.905882418156,1],"ix":4},"o":{"a":0,"k":100,"ix":5},"r":1,"bm":0,"nm":"Fill 1","mn":"ADBE Vector Graphic - Fill","hd":false},{"ty":"tr","p":{"a":0,"k":[16.005,31.101],"ix":2},"a":{"a":0,"k":[0,0],"ix":1},"s":{"a":0,"k":[100,100],"ix":3},"r":{"a":0,"k":0,"ix":6},"o":{"a":0,"k":100,"ix":7},"sk":{"a":0,"k":0,"ix":4},"sa":{"a":0,"k":0,"ix":5},"nm":"Transform"}],"nm":"Group 1","np":2,"cix":2,"bm":0,"ix":1,"mn":"ADBE Vector Group","hd":false}],"ip":0,"op":211,"st":0,"bm":0}]}],"fonts":{"list":[{"fName":"HelveticaNeue-Medium","fFamily":"Helvetica Neue","fStyle":"Medium","ascent":71.39892578125}]},"layers":[{"ddd":0,"ind":1,"ty":0,"nm":"Face-txt","refId":"comp_0","sr":1,"ks":{"o":{"a":0,"k":100,"ix":11},"r":{"a":0,"k":0,"ix":10},"p":{"a":1,"k":[{"i":{"x":0.314,"y":1},"o":{"x":0.686,"y":0},"t":129,"s":[540,540,0],"to":[0,-15.167,0],"ti":[0,15.167,0]},{"i":{"x":0.314,"y":0.314},"o":{"x":0.333,"y":0.333},"t":149,"s":[540,449,0],"to":[0,0,0],"ti":[0,0,0]},{"i":{"x":0.667,"y":1},"o":{"x":0.333,"y":0},"t":195,"s":[540,449,0],"to":[0,15.167,0],"ti":[0,-15.167,0]},{"t":209,"s":[540,540,0]}],"ix":2},"a":{"a":0,"k":[540,540,0],"ix":1},"s":{"a":1,"k":[{"i":{"x":[0,0,0.667],"y":[1.003,1.003,1]},"o":{"x":[0.333,0.333,0.333],"y":[0,0,0]},"t":195,"s":[100,100,100]},{"t":209,"s":[0,0,100]}],"ix":6}},"ao":0,"w":1080,"h":1080,"ip":0,"op":210,"st":0,"bm":0},{"ddd":0,"ind":2,"ty":4,"nm":"Facebook Outlines","td":1,"sr":1,"ks":{"o":{"a":0,"k":100,"ix":11},"r":{"a":0,"k":0,"ix":10},"p":{"a":1,"k":[{"i":{"x":0.667,"y":1},"o":{"x":0.333,"y":0},"t":90,"s":[540,594,0],"to":[13.167,0,0],"ti":[-13.167,0,0]},{"t":104,"s":[619,594,0]}],"ix":2},"a":{"a":0,"k":[16.5,33,0],"ix":1},"s":{"a":1,"k":[{"i":{"x":[0,0,0.667],"y":[1,1,1]},"o":{"x":[0.153,0.153,0.333],"y":[0,0,0]},"t":90,"s":[545,545,100]},{"t":118,"s":[4815,4815,100]}],"ix":6}},"ao":0,"shapes":[{"ty":"gr","it":[{"ind":0,"ty":"sh","ix":1,"ks":{"a":0,"k":{"i":[[0,0],[0,0],[-3.319,0],[0,0],[0,0],[0,-19.206],[0,0],[0,0],[0,0],[0,0],[0,0],[0,0],[0,0],[0,0],[0,0]],"o":[[0,0],[0,-3.319],[0,0],[0,0],[-3.614,-0.456],[0,0],[0,0],[0,0],[0,0],[0,0],[0,0],[0,0],[0,0],[0,0],[0,0]],"v":[[5.098,-8.105],[5.098,-15.219],[11.025,-20.909],[16.005,-20.909],[16.005,-30.157],[-6.521,-15.693],[-6.521,-8.105],[-16.005,-8.105],[-16.005,2.802],[-6.521,2.802],[-6.521,34.899],[5.098,34.899],[5.098,2.802],[13.872,2.802],[15.53,-8.105]],"c":true},"ix":2},"nm":"Path 1","mn":"ADBE Vector Shape - Group","hd":false},{"ty":"fl","c":{"a":0,"k":[0.224000010771,0.458999992819,0.917999985639,1],"ix":4},"o":{"a":0,"k":100,"ix":5},"r":1,"bm":0,"nm":"Fill 1","mn":"ADBE Vector Graphic - Fill","hd":false},{"ty":"tr","p":{"a":0,"k":[16.005,31.101],"ix":2},"a":{"a":0,"k":[0,0],"ix":1},"s":{"a":0,"k":[100,100],"ix":3},"r":{"a":0,"k":0,"ix":6},"o":{"a":0,"k":100,"ix":7},"sk":{"a":0,"k":0,"ix":4},"sa":{"a":0,"k":0,"ix":5},"nm":"Transform"}],"nm":"Group 1","np":2,"cix":2,"bm":0,"ix":1,"mn":"ADBE Vector Group","hd":false}],"ip":0,"op":214,"st":0,"bm":0},{"ddd":0,"ind":3,"ty":4,"nm":"Shape Layer 1","tt":2,"sr":1,"ks":{"o":{"a":0,"k":100,"ix":11},"r":{"a":0,"k":0,"ix":10},"p":{"a":0,"k":[540,540,0],"ix":2},"a":{"a":0,"k":[0,0,0],"ix":1},"s":{"a":0,"k":[41,41,100],"ix":6}},"ao":0,"shapes":[{"ty":"gr","it":[{"d":3,"ty":"el","s":{"a":0,"k":[1080,1080],"ix":2},"p":{"a":0,"k":[0,0],"ix":3},"nm":"Ellipse Path 1","mn":"ADBE Vector Shape - Ellipse","hd":false},{"ty":"tm","s":{"a":1,"k":[{"i":{"x":[0.833],"y":[1]},"o":{"x":[0.167],"y":[0]},"t":17,"s":[100]},{"t":56,"s":[0]}],"ix":1},"e":{"a":0,"k":100,"ix":2},"o":{"a":0,"k":-182,"ix":3},"m":1,"ix":2,"nm":"Trim Paths 1","mn":"ADBE Vector Filter - Trim","hd":false},{"ty":"fl","c":{"a":0,"k":[0.054901964524,0.521568627451,0.90588241278,1],"ix":4},"o":{"a":0,"k":100,"ix":5},"r":2,"bm":0,"nm":"Fill 1","mn":"ADBE Vector Graphic - Fill","hd":false},{"ty":"tr","p":{"a":0,"k":[0,0],"ix":2},"a":{"a":0,"k":[0,0],"ix":1},"s":{"a":0,"k":[100,100],"ix":3},"r":{"a":0,"k":0,"ix":6},"o":{"a":0,"k":100,"ix":7},"sk":{"a":0,"k":0,"ix":4},"sa":{"a":0,"k":0,"ix":5},"nm":"Transform"}],"nm":"Ellipse 1","np":4,"cix":2,"bm":0,"ix":1,"mn":"ADBE Vector Group","hd":false}],"ip":0,"op":214,"st":0,"bm":0},{"ddd":0,"ind":4,"ty":4,"nm":"Base-01","sr":1,"ks":{"o":{"a":0,"k":100,"ix":11},"r":{"a":0,"k":0,"ix":10},"p":{"a":0,"k":[540,540,0],"ix":2},"a":{"a":0,"k":[0,0,0],"ix":1},"s":{"a":1,"k":[{"i":{"x":[0.38,0.38,0.38],"y":[1,1,1]},"o":{"x":[0.62,0.62,0.62],"y":[0,0,0]},"t":59,"s":[100,100,100]},{"t":90,"s":[100,100,100]}],"ix":6}},"ao":0,"shapes":[{"ty":"gr","it":[{"d":1,"ty":"el","s":{"a":0,"k":[550,550],"ix":2},"p":{"a":0,"k":[0,0],"ix":3},"nm":"Ellipse Path 1","mn":"ADBE Vector Shape - Ellipse","hd":false},{"ty":"st","c":{"a":0,"k":[0.054901960784,0.521568627451,0.905882352941,1],"ix":3},"o":{"a":0,"k":100,"ix":4},"w":{"a":0,"k":30,"ix":5},"lc":1,"lj":1,"ml":4,"bm":0,"nm":"Stroke 1","mn":"ADBE Vector Graphic - Stroke","hd":false},{"ty":"tr","p":{"a":0,"k":[0,0],"ix":2},"a":{"a":0,"k":[0,0],"ix":1},"s":{"a":0,"k":[100,100],"ix":3},"r":{"a":0,"k":0,"ix":6},"o":{"a":0,"k":100,"ix":7},"sk":{"a":0,"k":0,"ix":4},"sa":{"a":0,"k":0,"ix":5},"nm":"Transform"}],"nm":"Ellipse 1","np":2,"cix":2,"bm":0,"ix":1,"mn":"ADBE Vector Group","hd":false},{"ty":"tm","s":{"a":0,"k":0,"ix":1},"e":{"a":1,"k":[{"i":{"x":[0.261],"y":[1.016]},"o":{"x":[0.718],"y":[-0.018]},"t":0,"s":[0]},{"i":{"x":[0.261],"y":[1.823]},"o":{"x":[0.167],"y":[0]},"t":59,"s":[100]},{"i":{"x":[0.667],"y":[1]},"o":{"x":[0.167],"y":[0]},"t":90,"s":[100]},{"t":106,"s":[0]}],"ix":2},"o":{"a":1,"k":[{"i":{"x":[0.261],"y":[1.009]},"o":{"x":[0.718],"y":[-0.01]},"t":0,"s":[-180]},{"i":{"x":[0.261],"y":[1.823]},"o":{"x":[0.167],"y":[0]},"t":59,"s":[0]},{"i":{"x":[0.667],"y":[1]},"o":{"x":[0.167],"y":[0]},"t":90,"s":[0]},{"t":106,"s":[180]}],"ix":3},"m":1,"ix":2,"nm":"Trim Paths 1","mn":"ADBE Vector Filter - Trim","hd":false}],"ip":0,"op":214,"st":0,"bm":0}],"markers":[],"chars":[{"ch":"f","size":75,"style":"Medium","w":29.7,"data":{"shapes":[{"ty":"gr","it":[{"ind":0,"ty":"sh","ix":1,"ks":{"a":0,"k":{"i":[[0,0],[0,0],[0,0],[0,0],[0,0],[0,0],[0,0],[0,0],[0,0],[-1.1,0.734],[-1.534,0],[-0.834,-0.1],[-0.734,-0.2],[0,0],[3.666,0],[1.7,-0.366],[1.333,-1.1],[0.8,-2.033],[0,-3.266],[0,0],[0,0]],"o":[[0,0],[0,0],[0,0],[0,0],[0,0],[0,0],[0,0],[0,0],[0,-2.133],[1.1,-0.733],[1.133,0],[0.833,0.1],[0,0],[-1.667,-0.466],[-1.867,0],[-1.7,0.367],[-1.334,1.1],[-0.8,2.034],[0,0],[0,0],[0,0]],"v":[[0.9,-43.2],[9.4,-43.2],[9.4,0],[20.8,0],[20.8,-43.2],[30.5,-43.2],[30.5,-51.7],[20.8,-51.7],[20.8,-57],[22.45,-61.3],[26.4,-62.4],[29.35,-62.25],[31.7,-61.8],[31.7,-70.7],[23.7,-71.4],[18.35,-70.85],[13.8,-68.65],[10.6,-63.95],[9.4,-56],[9.4,-51.7],[0.9,-51.7]],"c":true},"ix":2},"nm":"f","mn":"ADBE Vector Shape - Group","hd":false}],"nm":"f","np":3,"cix":2,"bm":0,"ix":1,"mn":"ADBE Vector Group","hd":false}]},"fFamily":"Helvetica Neue"},{"ch":"a","size":75,"style":"Medium","w":55.6,"data":{"shapes":[{"ty":"gr","it":[{"ind":0,"ty":"sh","ix":1,"ks":{"a":0,"k":{"i":[[0,0],[1.2,1.9],[1.966,1.2],[2.466,0.534],[2.533,0],[2.733,-0.533],[2.166,-1.333],[1.4,-2.2],[0.2,-3.333],[0,0],[-2.067,1.334],[-3.2,0],[-1.267,-0.166],[-1.034,-0.5],[-0.7,-0.933],[0,-1.466],[0.833,-0.833],[1.433,-0.4],[1.866,-0.166],[2.066,-0.4],[2.366,-0.5],[1.9,-1.133],[1.166,-2],[0,-3.2],[-0.967,-1.9],[-1.634,-1.233],[-2.134,-0.633],[-2.334,0],[-3.3,1],[-2.267,2.2],[-1.534,-0.933],[-2.334,0],[-0.667,0.066],[-0.667,0.133],[-0.634,0.166],[-0.4,0.133],[0,0],[0.466,0],[0.333,0],[0.366,0.6],[0,1.4]],"o":[[0,-2.733],[-1.2,-1.9],[-1.967,-1.2],[-2.467,-0.533],[-2.867,0],[-2.734,0.534],[-2.167,1.334],[-1.4,2.2],[0,0],[0.266,-2.8],[2.066,-1.333],[1.133,0],[1.266,0.167],[1.033,0.5],[0.7,0.934],[0,1.667],[-0.834,0.834],[-1.434,0.4],[-1.867,0.167],[-2.4,0.267],[-2.367,0.5],[-1.9,1.134],[-1.167,2],[0,2.534],[0.966,1.9],[1.633,1.234],[2.133,0.633],[3.066,0],[3.3,-1],[0.466,2.334],[1.533,0.933],[0.466,0],[0.666,-0.067],[0.666,-0.134],[0.633,-0.167],[0,0],[-0.6,0.134],[-0.467,0],[-1.067,0],[-0.367,-0.6],[0,0]],"v":[[49.3,-38.1],[47.5,-45.05],[42.75,-49.7],[36.1,-52.3],[28.6,-53.1],[20.2,-52.3],[12.85,-49.5],[7.5,-44.2],[5.1,-35.9],[16.5,-35.9],[20,-42.1],[27.9,-44.1],[31.5,-43.85],[34.95,-42.85],[37.55,-40.7],[38.6,-37.1],[37.35,-33.35],[33.95,-31.5],[29,-30.65],[23.1,-29.8],[15.95,-28.65],[9.55,-26.2],[4.95,-21.5],[3.2,-13.7],[4.65,-7.05],[8.55,-2.35],[14.2,0.45],[20.9,1.4],[30.45,-0.1],[38.8,-4.9],[41.8,0],[47.6,1.4],[49.3,1.3],[51.3,1],[53.25,0.55],[54.8,0.1],[54.8,-7.8],[53.2,-7.6],[52,-7.6],[49.85,-8.5],[49.3,-11.5]],"c":true},"ix":2},"nm":"a","mn":"ADBE Vector Shape - Group","hd":false},{"ind":1,"ty":"sh","ix":2,"ks":{"a":0,"k":{"i":[[0,0],[0.866,-1.233],[1.3,-0.8],[1.466,-0.333],[1.266,0],[1.233,0.2],[1.033,0.5],[0.733,0.867],[0,1.267],[-0.5,1.034],[-0.867,0.634],[-1.134,0.367],[-1.2,0.2],[-2.534,0.234],[-1.734,1.134]],"o":[[0,1.8],[-0.867,1.234],[-1.3,0.8],[-1.467,0.334],[-1,0],[-1.234,-0.2],[-1.034,-0.5],[-0.734,-0.866],[0,-1.466],[0.5,-1.033],[0.866,-0.633],[1.133,-0.366],[2.533,-0.466],[2.533,-0.233],[0,0]],"v":[[37.9,-17.4],[36.6,-12.85],[33.35,-9.8],[29.2,-8.1],[25.1,-7.6],[21.75,-7.9],[18.35,-8.95],[15.7,-11],[14.6,-14.2],[15.35,-17.95],[17.4,-20.45],[20.4,-21.95],[23.9,-22.8],[31.5,-23.85],[37.9,-25.9]],"c":true},"ix":2},"nm":"a","mn":"ADBE Vector Shape - Group","hd":false}],"nm":"a","np":5,"cix":2,"bm":0,"ix":1,"mn":"ADBE Vector Group","hd":false}]},"fFamily":"Helvetica Neue"},{"ch":"c","size":75,"style":"Medium","w":55.6,"data":{"shapes":[{"ty":"gr","it":[{"ind":0,"ty":"sh","ix":1,"ks":{"a":0,"k":{"i":[[0,0],[1.333,2.334],[2.1,1.534],[2.7,0.767],[3,0],[3.166,-1.433],[2.133,-2.5],[1.066,-3.4],[0,-3.866],[-1.1,-3.266],[-2.134,-2.366],[-3.1,-1.366],[-4.067,0],[-4.034,3.567],[-1.067,6.734],[0,0],[2.166,-2.066],[3.333,0],[1.733,1.034],[1.1,1.667],[0.5,2.134],[0,2.134],[-0.934,2.434],[-1.4,1.367],[-1.667,0.5],[-1.467,0],[-2.1,-1.633],[-0.467,-3.2]],"o":[[-0.267,-3.2],[-1.334,-2.333],[-2.1,-1.533],[-2.7,-0.766],[-4.267,0],[-3.167,1.434],[-2.134,2.5],[-1.067,3.4],[0,3.8],[1.1,3.267],[2.133,2.367],[3.1,1.366],[6.666,0],[4.033,-3.566],[0,0],[-0.534,3.734],[-2.167,2.067],[-2.467,0],[-1.734,-1.033],[-1.1,-1.666],[-0.5,-2.133],[0,-3.933],[0.933,-2.433],[1.4,-1.366],[1.666,-0.5],[3.2,0],[2.1,1.634],[0,0]],"v":[[52.3,-34.4],[49.9,-42.7],[44.75,-48.5],[37.55,-51.95],[29,-53.1],[17.85,-50.95],[9.9,-45.05],[5.1,-36.2],[3.5,-25.3],[5.15,-14.7],[10,-6.25],[17.85,-0.65],[28.6,1.4],[44.65,-3.95],[52.3,-19.4],[40.9,-19.4],[36.85,-10.7],[28.6,-7.6],[22.3,-9.15],[18.05,-13.2],[15.65,-18.9],[14.9,-25.3],[16.3,-34.85],[19.8,-40.55],[24.4,-43.35],[29.1,-44.1],[37.05,-41.65],[40.9,-34.4]],"c":true},"ix":2},"nm":"c","mn":"ADBE Vector Shape - Group","hd":false}],"nm":"c","np":3,"cix":2,"bm":0,"ix":1,"mn":"ADBE Vector Group","hd":false}]},"fFamily":"Helvetica Neue"},{"ch":"e","size":75,"style":"Medium","w":55.6,"data":{"shapes":[{"ty":"gr","it":[{"ind":0,"ty":"sh","ix":1,"ks":{"a":0,"k":{"i":[[0,0],[-0.7,1.667],[-1.167,1.234],[-1.634,0.7],[-2,0],[-1.567,-0.766],[-1.1,-1.233],[-0.634,-1.666],[-0.134,-1.8]],"o":[[0.066,-1.933],[0.7,-1.666],[1.166,-1.233],[1.633,-0.7],[1.933,0],[1.566,0.767],[1.1,1.234],[0.633,1.667],[0,0]],"v":[[14.9,-30.4],[16.05,-35.8],[18.85,-40.15],[23.05,-43.05],[28.5,-44.1],[33.75,-42.95],[37.75,-39.95],[40.35,-35.6],[41.5,-30.4]],"c":true},"ix":2},"nm":"e","mn":"ADBE Vector Shape - Group","hd":false},{"ind":1,"ty":"sh","ix":2,"ks":{"a":0,"k":{"i":[[0,0],[0.966,3.634],[2.133,2.8],[3.233,1.7],[4.066,0],[3.066,-1.466],[2.166,-2.5],[1.166,-3.3],[0,-3.666],[-1.1,-3.333],[-2.167,-2.4],[-3.134,-1.333],[-4.067,0],[-2.567,0.766],[-2.067,1.5],[-1.467,2.2],[-0.6,2.8],[0,0],[2.033,-1.433],[3.333,0],[1.733,0.834],[1.133,1.4],[0.566,1.867],[0,2]],"o":[[0.466,-3.866],[-0.967,-3.633],[-2.134,-2.8],[-3.234,-1.7],[-3.867,0],[-3.067,1.467],[-2.167,2.5],[-1.167,3.3],[0,4],[1.1,3.334],[2.166,2.4],[3.133,1.333],[2.8,0],[2.566,-0.766],[2.066,-1.5],[1.466,-2.2],[0,0],[-1,2.867],[-2.034,1.434],[-2.4,0],[-1.734,-0.833],[-1.134,-1.4],[-0.567,-1.866],[0,0]],"v":[[52.9,-22.9],[52.15,-34.15],[47.5,-43.8],[39.45,-50.55],[28.5,-53.1],[18.1,-50.9],[10.25,-44.95],[5.25,-36.25],[3.5,-25.8],[5.15,-14.8],[10.05,-6.2],[18,-0.6],[28.8,1.4],[36.85,0.25],[43.8,-3.15],[49.1,-8.7],[52.2,-16.2],[41.4,-16.2],[36.85,-9.75],[28.8,-7.6],[22.6,-8.85],[18.3,-12.2],[15.75,-17.1],[14.9,-22.9]],"c":true},"ix":2},"nm":"e","mn":"ADBE Vector Shape - Group","hd":false}],"nm":"e","np":5,"cix":2,"bm":0,"ix":1,"mn":"ADBE Vector Group","hd":false}]},"fFamily":"Helvetica Neue"},{"ch":"b","size":75,"style":"Medium","w":61.1,"data":{"shapes":[{"ty":"gr","it":[{"ind":0,"ty":"sh","ix":1,"ks":{"a":0,"k":{"i":[[0,0],[0,0],[0,0],[0,0],[-1.3,-1.066],[-1.6,-0.666],[-1.767,-0.234],[-1.734,0],[-2.8,1.5],[-1.834,2.5],[-0.9,3.267],[0,3.467],[1,3.334],[2,2.5],[3.033,1.434],[4.066,0],[1.5,-0.366],[1.366,-0.7],[1.133,-1],[0.8,-1.266],[0,0],[0,0],[0,0]],"o":[[0,0],[0,0],[0,0],[0.866,1.734],[1.3,1.067],[1.6,0.666],[1.766,0.233],[3.8,0],[2.8,-1.5],[1.833,-2.5],[0.9,-3.266],[0,-3.8],[-1,-3.333],[-2,-2.5],[-3.034,-1.433],[-1.467,0],[-1.5,0.367],[-1.367,0.7],[-1.134,1],[0,0],[0,0],[0,0],[0,0]],"v":[[6.3,0],[17.1,0],[17.1,-7.1],[17.3,-7.1],[20.55,-2.9],[24.9,-0.3],[29.95,1.05],[35.2,1.4],[45.1,-0.85],[52.05,-6.85],[56.15,-15.5],[57.5,-25.6],[56,-36.3],[51.5,-45.05],[43.95,-50.95],[33.3,-53.1],[28.85,-52.55],[24.55,-50.95],[20.8,-48.4],[17.9,-45],[17.7,-45],[17.7,-71.4],[6.3,-71.4]],"c":true},"ix":2},"nm":"b","mn":"ADBE Vector Shape - Group","hd":false},{"ind":1,"ty":"sh","ix":2,"ks":{"a":0,"k":{"i":[[0.5,-2.166],[1.166,-1.7],[1.8,-1.066],[2.6,0],[1.766,0.934],[1.266,1.6],[0.633,2.234],[0,2.6],[-2.434,3.334],[-4.8,0],[-1.8,-1.033],[-1.2,-1.7],[-0.6,-2.2],[0,-2.333]],"o":[[-0.5,2.167],[-1.167,1.7],[-1.8,1.067],[-2.334,0],[-1.767,-0.933],[-1.267,-1.6],[-0.634,-2.233],[0,-5.533],[2.433,-3.333],[2.333,0],[1.8,1.034],[1.2,1.7],[0.6,2.2],[0,2.267]],"v":[[45.35,-19.15],[42.85,-13.35],[38.4,-9.2],[31.8,-7.6],[25.65,-9],[21.1,-12.8],[18.25,-18.55],[17.3,-25.8],[20.95,-39.1],[31.8,-44.1],[38,-42.55],[42.5,-38.45],[45.2,-32.6],[46.1,-25.8]],"c":true},"ix":2},"nm":"b","mn":"ADBE Vector Shape - Group","hd":false}],"nm":"b","np":5,"cix":2,"bm":0,"ix":1,"mn":"ADBE Vector Group","hd":false}]},"fFamily":"Helvetica Neue"},{"ch":"o","size":75,"style":"Medium","w":59.3,"data":{"shapes":[{"ty":"gr","it":[{"ind":0,"ty":"sh","ix":1,"ks":{"a":0,"k":{"i":[[-3.234,1.366],[-2.234,2.4],[-1.167,3.334],[0,4],[1.166,3.334],[2.233,2.4],[3.233,1.367],[4.133,0],[3.233,-1.366],[2.233,-2.4],[1.166,-3.333],[0,-3.933],[-1.167,-3.333],[-2.234,-2.4],[-3.234,-1.366],[-4.134,0]],"o":[[3.233,-1.366],[2.233,-2.4],[1.166,-3.333],[0,-3.933],[-1.167,-3.333],[-2.234,-2.4],[-3.234,-1.366],[-4.134,0],[-3.234,1.367],[-2.234,2.4],[-1.167,3.334],[0,4],[1.166,3.334],[2.233,2.4],[3.233,1.366],[4.133,0]],"v":[[40.75,-0.65],[48.95,-6.3],[54.05,-14.9],[55.8,-25.9],[54.05,-36.8],[48.95,-45.4],[40.75,-51.05],[29.7,-53.1],[18.65,-51.05],[10.45,-45.4],[5.35,-36.8],[3.6,-25.9],[5.35,-14.9],[10.45,-6.3],[18.65,-0.65],[29.7,1.4]],"c":true},"ix":2},"nm":"o","mn":"ADBE Vector Shape - Group","hd":false},{"ind":1,"ty":"sh","ix":2,"ks":{"a":0,"k":{"i":[[1.866,1.067],[1.2,1.734],[0.566,2.167],[0,2.267],[-0.567,2.2],[-1.2,1.7],[-1.867,1.067],[-2.534,0],[-1.867,-1.066],[-1.2,-1.7],[-0.567,-2.2],[0,-2.2],[0.566,-2.166],[1.2,-1.733],[1.866,-1.066],[2.533,0]],"o":[[-1.867,-1.066],[-1.2,-1.733],[-0.567,-2.166],[0,-2.2],[0.566,-2.2],[1.2,-1.7],[1.866,-1.066],[2.533,0],[1.866,1.067],[1.2,1.7],[0.566,2.2],[0,2.267],[-0.567,2.167],[-1.2,1.734],[-1.867,1.067],[-2.534,0]],"v":[[23.1,-9.2],[18.5,-13.4],[15.85,-19.25],[15,-25.9],[15.85,-32.5],[18.5,-38.35],[23.1,-42.5],[29.7,-44.1],[36.3,-42.5],[40.9,-38.35],[43.55,-32.5],[44.4,-25.9],[43.55,-19.25],[40.9,-13.4],[36.3,-9.2],[29.7,-7.6]],"c":true},"ix":2},"nm":"o","mn":"ADBE Vector Shape - Group","hd":false}],"nm":"o","np":5,"cix":2,"bm":0,"ix":1,"mn":"ADBE Vector Group","hd":false}]},"fFamily":"Helvetica Neue"},{"ch":"k","size":75,"style":"Medium","w":53.7,"data":{"shapes":[{"ty":"gr","it":[{"ind":0,"ty":"sh","ix":1,"ks":{"a":0,"k":{"i":[[0,0],[0,0],[0,0],[0,0],[0,0],[0,0],[0,0],[0,0],[0,0],[0,0],[0,0],[0,0]],"o":[[0,0],[0,0],[0,0],[0,0],[0,0],[0,0],[0,0],[0,0],[0,0],[0,0],[0,0],[0,0]],"v":[[6.3,0],[17.7,0],[17.7,-18.5],[24.5,-25.1],[40.3,0],[54.2,0],[32.5,-32.7],[52.3,-51.7],[38.3,-51.7],[17.7,-30.8],[17.7,-71.4],[6.3,-71.4]],"c":true},"ix":2},"nm":"k","mn":"ADBE Vector Shape - Group","hd":false}],"nm":"k","np":3,"cix":2,"bm":0,"ix":1,"mn":"ADBE Vector Group","hd":false}]},"fFamily":"Helvetica Neue"}]}