{"v":"4.8.0","meta":{"g":"LottieFiles AE 1.0.0","a":"","k":"","d":"","tc":""},"fr":30,"ip":1,"op":210,"w":1080,"h":1080,"nm":"Instagram","ddd":0,"assets":[{"id":"comp_0","layers":[{"ddd":0,"ind":1,"ty":5,"nm":"instagram","sr":1,"ks":{"o":{"a":0,"k":100,"ix":11},"r":{"a":0,"k":0,"ix":10},"p":{"a":0,"k":[540,768.912,0],"ix":2},"a":{"a":0,"k":[181.086,-19.088,0],"ix":1},"s":{"a":0,"k":[100,100,100],"ix":6}},"ao":0,"t":{"d":{"k":[{"s":{"s":75,"f":"HelveticaNeue-Medium","t":"instagram","j":0,"tr":29,"lh":90,"ls":0,"fc":[0.749,0.176,0.525]},"t":0}]},"p":{},"m":{"g":1,"a":{"a":0,"k":[0,0],"ix":2}},"a":[{"nm":"Animator 1","s":{"t":0,"xe":{"a":0,"k":0,"ix":7},"ne":{"a":0,"k":100,"ix":8},"a":{"a":0,"k":100,"ix":4},"b":1,"rn":0,"sh":2,"s":{"a":1,"k":[{"i":{"x":[0.667],"y":[1]},"o":{"x":[0.333],"y":[0]},"t":94,"s":[0]},{"t":157,"s":[100]}],"ix":1},"e":{"a":0,"k":0,"ix":2},"o":{"a":1,"k":[{"i":{"x":[0.667],"y":[1]},"o":{"x":[0.333],"y":[0]},"t":94,"s":[0]},{"t":157,"s":[100]}],"ix":3},"r":1},"a":{"p":{"a":0,"k":[0,128,0],"ix":2},"o":{"a":0,"k":0,"ix":9}}}]},"ip":0,"op":211,"st":0,"bm":0},{"ddd":0,"ind":2,"ty":4,"nm":"Instagram Outlines","sr":1,"ks":{"o":{"a":1,"k":[{"i":{"x":[0.667],"y":[1]},"o":{"x":[0.333],"y":[0]},"t":92,"s":[0]},{"t":98,"s":[100]}],"ix":11},"r":{"a":0,"k":0,"ix":10},"p":{"a":0,"k":[540,540,0],"ix":2},"a":{"a":0,"k":[26.5,26.5,0],"ix":1},"s":{"a":0,"k":[560,560,100],"ix":6}},"ao":0,"shapes":[{"ty":"gr","it":[{"ind":0,"ty":"sh","ix":1,"ks":{"a":0,"k":{"i":[[0,6.923],[8.386,0],[6.939,0],[0,-8.385],[0,-6.923],[-8.386,0],[-6.939,0],[0,8.386]],"o":[[0,-8.385],[-6.939,0],[-8.386,0],[0,6.923],[0,8.386],[6.939,0],[8.386,0],[0,-6.923]],"v":[[26.4,-11.188],[11.216,-26.372],[-11.216,-26.372],[-26.4,-11.188],[-26.4,11.188],[-11.216,26.372],[11.216,26.372],[26.4,11.188]],"c":true},"ix":2},"nm":"Path 1","mn":"ADBE Vector Shape - Group","hd":false},{"ind":1,"ty":"sh","ix":2,"ks":{"a":0,"k":{"i":[[0,-5.722],[0,0],[5.722,0],[0,0],[0,5.722],[0,6.923],[-5.722,0],[0,0]],"o":[[0,0],[0,5.722],[0,0],[-5.722,0],[0,-6.923],[0,-5.722],[0,0],[5.722,0]],"v":[[21.577,-11.188],[21.577,11.188],[11.216,21.549],[-11.216,21.549],[-21.577,11.188],[-21.577,-11.188],[-11.216,-21.549],[11.216,-21.549]],"c":true},"ix":2},"nm":"Path 2","mn":"ADBE Vector Shape - Group","hd":false},{"ind":2,"ty":"sh","ix":3,"ks":{"a":0,"k":{"i":[[7.465,0],[0,-7.465],[-7.465,0],[0,7.465]],"o":[[-7.465,0],[0,7.465],[7.465,0],[0,-7.465]],"v":[[-0.005,-13.505],[-13.53,0.021],[-0.005,13.547],[13.521,0.021]],"c":true},"ix":2},"nm":"Path 3","mn":"ADBE Vector Shape - Group","hd":false},{"ind":3,"ty":"sh","ix":4,"ks":{"a":0,"k":{"i":[[-4.803,0],[0,-4.803],[4.804,0],[0,4.803]],"o":[[4.804,0],[0,4.803],[-4.803,0],[0,-4.803]],"v":[[-0.005,-8.682],[8.698,0.021],[-0.005,8.724],[-8.708,0.021]],"c":true},"ix":2},"nm":"Path 4","mn":"ADBE Vector Shape - Group","hd":false},{"ind":4,"ty":"sh","ix":5,"ks":{"a":0,"k":{"i":[[-1.769,0],[0,-1.769],[1.768,0],[0,1.768]],"o":[[1.768,0],[0,1.768],[-1.769,0],[0,-1.769]],"v":[[14.072,-17.29],[17.276,-14.086],[14.072,-10.882],[10.868,-14.086]],"c":true},"ix":2},"nm":"Path 5","mn":"ADBE Vector Shape - Group","hd":false},{"ty":"mm","mm":1,"nm":"Merge Paths 1","mn":"ADBE Vector Filter - Merge","hd":false},{"ty":"fl","c":{"a":0,"k":[0.917647058824,0.525490196078,0.160784313725,1],"ix":4},"o":{"a":0,"k":100,"ix":5},"r":1,"bm":0,"nm":"Fill 1","mn":"ADBE Vector Graphic - Fill","hd":false},{"ty":"tr","p":{"a":0,"k":[26.4,26.628],"ix":2},"a":{"a":0,"k":[0,0],"ix":1},"s":{"a":0,"k":[100,100],"ix":3},"r":{"a":0,"k":0,"ix":6},"o":{"a":0,"k":100,"ix":7},"sk":{"a":0,"k":0,"ix":4},"sa":{"a":0,"k":0,"ix":5},"nm":"Transform"}],"nm":"Group 1","np":7,"cix":2,"bm":0,"ix":1,"mn":"ADBE Vector Group","hd":false}],"ip":0,"op":210,"st":0,"bm":0}]}],"fonts":{"list":[{"fName":"HelveticaNeue-Medium","fFamily":"Helvetica Neue","fStyle":"Medium","ascent":71.39892578125}]},"layers":[{"ddd":0,"ind":1,"ty":0,"nm":"Inst-txt","refId":"comp_0","sr":1,"ks":{"o":{"a":0,"k":100,"ix":11},"r":{"a":0,"k":0,"ix":10},"p":{"a":1,"k":[{"i":{"x":0.77,"y":0.862},"o":{"x":0.456,"y":0},"t":129,"s":[540,540,0],"to":[0,-2.126,0],"ti":[0,4.135,0]},{"i":{"x":0.77,"y":0.373},"o":{"x":0.367,"y":1},"t":149,"s":[540,497.42,0],"to":[0,-25.359,0],"ti":[0,4.135,0]},{"i":{"x":0.77,"y":0.809},"o":{"x":0.396,"y":0.329},"t":195,"s":[540,497.42,0],"to":[0,-25.359,0],"ti":[0,4.135,0]},{"t":209,"s":[540,497.42,0]}],"ix":2},"a":{"a":0,"k":[540,540,0],"ix":1},"s":{"a":1,"k":[{"i":{"x":[0,0,0.667],"y":[1.003,1.003,1]},"o":{"x":[0.333,0.333,0.333],"y":[0,0,0]},"t":195,"s":[100,100,100]},{"t":209,"s":[0,0,100]}],"ix":6}},"ao":0,"w":1080,"h":1080,"ip":0,"op":210,"st":0,"bm":0},{"ddd":0,"ind":2,"ty":4,"nm":"Instagram Outlines","td":1,"sr":1,"ks":{"o":{"a":0,"k":100,"ix":11},"r":{"a":0,"k":0,"ix":10},"p":{"a":0,"k":[540,540,0],"ix":2},"a":{"a":0,"k":[26.5,26.5,0],"ix":1},"s":{"a":0,"k":[560,560,100],"ix":6}},"ao":0,"shapes":[{"ty":"gr","it":[{"ind":0,"ty":"sh","ix":1,"ks":{"a":0,"k":{"i":[[0,6.923],[8.386,0],[6.939,0],[0,-8.385],[0,-6.923],[-8.386,0],[-6.939,0],[0,8.386]],"o":[[0,-8.385],[-6.939,0],[-8.386,0],[0,6.923],[0,8.386],[6.939,0],[8.386,0],[0,-6.923]],"v":[[26.4,-11.188],[11.216,-26.372],[-11.216,-26.372],[-26.4,-11.188],[-26.4,11.188],[-11.216,26.372],[11.216,26.372],[26.4,11.188]],"c":true},"ix":2},"nm":"Path 1","mn":"ADBE Vector Shape - Group","hd":false},{"ind":1,"ty":"sh","ix":2,"ks":{"a":0,"k":{"i":[[0,-5.722],[0,0],[5.722,0],[0,0],[0,5.722],[0,6.923],[-5.722,0],[0,0]],"o":[[0,0],[0,5.722],[0,0],[-5.722,0],[0,-6.923],[0,-5.722],[0,0],[5.722,0]],"v":[[21.577,-11.188],[21.577,11.188],[11.216,21.549],[-11.216,21.549],[-21.577,11.188],[-21.577,-11.188],[-11.216,-21.549],[11.216,-21.549]],"c":true},"ix":2},"nm":"Path 2","mn":"ADBE Vector Shape - Group","hd":false},{"ind":2,"ty":"sh","ix":3,"ks":{"a":0,"k":{"i":[[7.465,0],[0,-7.465],[-7.465,0],[0,7.465]],"o":[[-7.465,0],[0,7.465],[7.465,0],[0,-7.465]],"v":[[-0.005,-13.505],[-13.53,0.021],[-0.005,13.547],[13.521,0.021]],"c":true},"ix":2},"nm":"Path 3","mn":"ADBE Vector Shape - Group","hd":false},{"ind":3,"ty":"sh","ix":4,"ks":{"a":0,"k":{"i":[[-4.803,0],[0,-4.803],[4.804,0],[0,4.803]],"o":[[4.804,0],[0,4.803],[-4.803,0],[0,-4.803]],"v":[[-0.005,-8.682],[8.698,0.021],[-0.005,8.724],[-8.708,0.021]],"c":true},"ix":2},"nm":"Path 4","mn":"ADBE Vector Shape - Group","hd":false},{"ind":4,"ty":"sh","ix":5,"ks":{"a":0,"k":{"i":[[-1.769,0],[0,-1.769],[1.768,0],[0,1.768]],"o":[[1.768,0],[0,1.768],[-1.769,0],[0,-1.769]],"v":[[14.072,-17.29],[17.276,-14.086],[14.072,-10.882],[10.868,-14.086]],"c":true},"ix":2},"nm":"Path 5","mn":"ADBE Vector Shape - Group","hd":false},{"ty":"mm","mm":1,"nm":"Merge Paths 1","mn":"ADBE Vector Filter - Merge","hd":false},{"ty":"fl","c":{"a":0,"k":[0,0,0,1],"ix":4},"o":{"a":0,"k":100,"ix":5},"r":1,"bm":0,"nm":"Fill 1","mn":"ADBE Vector Graphic - Fill","hd":false},{"ty":"tr","p":{"a":0,"k":[26.4,26.628],"ix":2},"a":{"a":0,"k":[0,0],"ix":1},"s":{"a":0,"k":[100,100],"ix":3},"r":{"a":0,"k":0,"ix":6},"o":{"a":0,"k":100,"ix":7},"sk":{"a":0,"k":0,"ix":4},"sa":{"a":0,"k":0,"ix":5},"nm":"Transform"}],"nm":"Group 1","np":7,"cix":2,"bm":0,"ix":1,"mn":"ADBE Vector Group","hd":false}],"ip":0,"op":210,"st":0,"bm":0},{"ddd":0,"ind":3,"ty":4,"nm":"Shape Layer 1","tt":2,"sr":1,"ks":{"o":{"a":0,"k":100,"ix":11},"r":{"a":0,"k":0,"ix":10},"p":{"a":0,"k":[540,540,0],"ix":2},"a":{"a":0,"k":[0,0,0],"ix":1},"s":{"a":0,"k":[41,41,100],"ix":6}},"ao":0,"shapes":[{"ty":"gr","it":[{"d":3,"ty":"el","s":{"a":0,"k":[1080,1080],"ix":2},"p":{"a":0,"k":[0,0],"ix":3},"nm":"Ellipse Path 1","mn":"ADBE Vector Shape - Ellipse","hd":false},{"ty":"tm","s":{"a":1,"k":[{"i":{"x":[0.833],"y":[1]},"o":{"x":[0.167],"y":[0]},"t":17,"s":[100]},{"i":{"x":[0.833],"y":[1]},"o":{"x":[0.167],"y":[0]},"t":56,"s":[0]},{"i":{"x":[0.833],"y":[1]},"o":{"x":[0.167],"y":[0]},"t":90,"s":[0]},{"t":106,"s":[100]}],"ix":1},"e":{"a":0,"k":100,"ix":2},"o":{"a":0,"k":-182,"ix":3},"m":1,"ix":2,"nm":"Trim Paths 1","mn":"ADBE Vector Filter - Trim","hd":false},{"ty":"fl","c":{"a":0,"k":[0.749019607843,0.176470588235,0.525490196078,1],"ix":4},"o":{"a":0,"k":100,"ix":5},"r":1,"bm":0,"nm":"Fill 1","mn":"ADBE Vector Graphic - Fill","hd":false},{"ty":"tr","p":{"a":0,"k":[0,0],"ix":2},"a":{"a":0,"k":[0,0],"ix":1},"s":{"a":0,"k":[100,100],"ix":3},"r":{"a":0,"k":0,"ix":6},"o":{"a":0,"k":100,"ix":7},"sk":{"a":0,"k":0,"ix":4},"sa":{"a":0,"k":0,"ix":5},"nm":"Transform"}],"nm":"Ellipse 1","np":4,"cix":2,"bm":0,"ix":1,"mn":"ADBE Vector Group","hd":false}],"ip":0,"op":214,"st":0,"bm":0},{"ddd":0,"ind":4,"ty":4,"nm":"Base-01","sr":1,"ks":{"o":{"a":0,"k":100,"ix":11},"r":{"a":0,"k":0,"ix":10},"p":{"a":0,"k":[540,540,0],"ix":2},"a":{"a":0,"k":[0,0,0],"ix":1},"s":{"a":1,"k":[{"i":{"x":[0.38,0.38,0.38],"y":[1,1,1]},"o":{"x":[0.62,0.62,0.62],"y":[0,0,0]},"t":59,"s":[100,100,100]},{"t":90,"s":[100,100,100]}],"ix":6}},"ao":0,"shapes":[{"ty":"gr","it":[{"d":1,"ty":"el","s":{"a":0,"k":[550,550],"ix":2},"p":{"a":0,"k":[0,0],"ix":3},"nm":"Ellipse Path 1","mn":"ADBE Vector Shape - Ellipse","hd":false},{"ty":"st","c":{"a":0,"k":[0.917647058824,0.525490196078,0.160784313725,1],"ix":3},"o":{"a":0,"k":100,"ix":4},"w":{"a":0,"k":30,"ix":5},"lc":1,"lj":1,"ml":4,"bm":0,"nm":"Stroke 1","mn":"ADBE Vector Graphic - Stroke","hd":false},{"ty":"tr","p":{"a":0,"k":[0,0],"ix":2},"a":{"a":0,"k":[0,0],"ix":1},"s":{"a":0,"k":[100,100],"ix":3},"r":{"a":0,"k":0,"ix":6},"o":{"a":0,"k":100,"ix":7},"sk":{"a":0,"k":0,"ix":4},"sa":{"a":0,"k":0,"ix":5},"nm":"Transform"}],"nm":"Ellipse 1","np":2,"cix":2,"bm":0,"ix":1,"mn":"ADBE Vector Group","hd":false},{"ty":"tm","s":{"a":0,"k":0,"ix":1},"e":{"a":1,"k":[{"i":{"x":[0.261],"y":[1.016]},"o":{"x":[0.718],"y":[-0.018]},"t":0,"s":[0]},{"i":{"x":[0.261],"y":[1.823]},"o":{"x":[0.167],"y":[0]},"t":59,"s":[100]},{"i":{"x":[0.667],"y":[1]},"o":{"x":[0.167],"y":[0]},"t":90,"s":[100]},{"t":106,"s":[0]}],"ix":2},"o":{"a":1,"k":[{"i":{"x":[0.261],"y":[1.009]},"o":{"x":[0.718],"y":[-0.01]},"t":0,"s":[-180]},{"i":{"x":[0.261],"y":[1.823]},"o":{"x":[0.167],"y":[0]},"t":59,"s":[0]},{"i":{"x":[0.667],"y":[1]},"o":{"x":[0.167],"y":[0]},"t":90,"s":[0]},{"t":106,"s":[180]}],"ix":3},"m":1,"ix":2,"nm":"Trim Paths 1","mn":"ADBE Vector Filter - Trim","hd":false}],"ip":0,"op":214,"st":0,"bm":0}],"markers":[],"chars":[{"ch":"i","size":75,"style":"Medium","w":24.1,"data":{"shapes":[{"ty":"gr","it":[{"ind":0,"ty":"sh","ix":1,"ks":{"a":0,"k":{"i":[[0,0],[0,0],[0,0],[0,0]],"o":[[0,0],[0,0],[0,0],[0,0]],"v":[[6.3,-60.6],[17.7,-60.6],[17.7,-71.4],[6.3,-71.4]],"c":true},"ix":2},"nm":"i","mn":"ADBE Vector Shape - Group","hd":false},{"ind":1,"ty":"sh","ix":2,"ks":{"a":0,"k":{"i":[[0,0],[0,0],[0,0],[0,0]],"o":[[0,0],[0,0],[0,0],[0,0]],"v":[[6.3,0],[17.7,0],[17.7,-51.7],[6.3,-51.7]],"c":true},"ix":2},"nm":"i","mn":"ADBE Vector Shape - Group","hd":false}],"nm":"i","np":5,"cix":2,"bm":0,"ix":1,"mn":"ADBE Vector Group","hd":false}]},"fFamily":"Helvetica Neue"},{"ch":"n","size":75,"style":"Medium","w":57.4,"data":{"shapes":[{"ty":"gr","it":[{"ind":0,"ty":"sh","ix":1,"ks":{"a":0,"k":{"i":[[0,0],[0,0],[0,0],[-0.6,1.667],[-1.067,1.234],[-1.534,0.7],[-1.934,0],[-1.6,-1.833],[-0.134,-4.066],[0,0],[0,0],[0,0],[3.266,2.934],[5.666,0],[2.8,-1.633],[1.733,-2.866],[0,0],[0,0],[0,0]],"o":[[0,0],[0,0],[0,-1.866],[0.6,-1.666],[1.066,-1.233],[1.533,-0.7],[3.4,0],[1.6,1.834],[0,0],[0,0],[0,0],[0,-5.866],[-3.267,-2.933],[-3.4,0],[-2.8,1.634],[0,0],[0,0],[0,0],[0,0]],"v":[[6,0],[17.4,0],[17.4,-30.5],[18.3,-35.8],[20.8,-40.15],[24.7,-43.05],[29.9,-44.1],[37.4,-41.35],[40,-32.5],[40,0],[51.4,0],[51.4,-35.5],[46.5,-48.7],[33.1,-53.1],[23.8,-50.65],[17,-43.9],[16.8,-44.1],[16.8,-51.7],[6,-51.7]],"c":true},"ix":2},"nm":"n","mn":"ADBE Vector Shape - Group","hd":false}],"nm":"n","np":3,"cix":2,"bm":0,"ix":1,"mn":"ADBE Vector Group","hd":false}]},"fFamily":"Helvetica Neue"},{"ch":"s","size":75,"style":"Medium","w":51.9,"data":{"shapes":[{"ty":"gr","it":[{"ind":0,"ty":"sh","ix":1,"ks":{"a":0,"k":{"i":[[0,0],[-1.167,-2.233],[-2.034,-1.5],[-2.767,-0.733],[-3.267,0],[-2.734,0.6],[-2.234,1.334],[-1.4,2.134],[0,3.067],[0.966,1.734],[1.566,1.134],[2,0.667],[2.066,0.467],[2,0.4],[1.566,0.567],[0.966,0.867],[0,1.4],[-0.667,0.7],[-0.967,0.367],[-1.1,0.134],[-0.8,0],[-1.967,-0.933],[-0.534,-2.733],[0,0],[1.3,2.034],[1.966,1.267],[2.433,0.567],[2.666,0],[2.566,-0.466],[2.1,-1.166],[1.366,-1.9],[0,-2.8],[-0.934,-1.766],[-1.567,-1.133],[-1.967,-0.666],[-2.134,-0.466],[-2,-0.4],[-1.567,-0.566],[-1,-0.933],[-0.067,-1.466],[0.766,-0.9],[1.2,-0.466],[1.366,-0.166],[1.066,0],[2.2,1.334],[0.333,3.334]],"o":[[0.066,3.067],[1.166,2.234],[2.033,1.5],[2.766,0.733],[2.666,0],[2.733,-0.6],[2.233,-1.333],[1.4,-2.133],[0,-2.533],[-0.967,-1.733],[-1.567,-1.133],[-2,-0.666],[-2.134,-0.466],[-2,-0.4],[-1.567,-0.566],[-0.967,-0.866],[0,-1.133],[0.666,-0.7],[0.966,-0.366],[1.1,-0.133],[2.533,0],[1.966,0.934],[0,0],[-0.334,-2.866],[-1.3,-2.033],[-1.967,-1.266],[-2.434,-0.566],[-2.334,0],[-2.567,0.467],[-2.1,1.167],[-1.367,1.9],[0,2.6],[0.933,1.767],[1.566,1.134],[1.966,0.667],[2.066,0.467],[2,0.4],[1.566,0.567],[1,0.934],[0.066,1.467],[-0.767,0.9],[-1.2,0.467],[-1.367,0.167],[-3.067,0],[-2.2,-1.333],[0,0]],"v":[[3.2,-16.6],[5.05,-8.65],[9.85,-3.05],[17.05,0.3],[26.1,1.4],[34.2,0.5],[41.65,-2.4],[47.1,-7.6],[49.2,-15.4],[47.75,-21.8],[43.95,-26.1],[38.6,-28.8],[32.5,-30.5],[26.3,-31.8],[20.95,-33.25],[17.15,-35.4],[15.7,-38.8],[16.7,-41.55],[19.15,-43.15],[22.25,-43.9],[25.1,-44.1],[31.85,-42.7],[35.6,-37.2],[47.5,-37.2],[45.05,-44.55],[40.15,-49.5],[33.55,-52.25],[25.9,-53.1],[18.55,-52.4],[11.55,-49.95],[6.35,-45.35],[4.3,-38.3],[5.7,-31.75],[9.45,-27.4],[14.75,-24.7],[20.9,-23],[27,-21.7],[32.35,-20.25],[36.2,-18],[37.8,-14.4],[36.75,-10.85],[33.8,-8.8],[29.95,-7.85],[26.3,-7.6],[18.4,-9.6],[14.6,-16.6]],"c":true},"ix":2},"nm":"s","mn":"ADBE Vector Shape - Group","hd":false}],"nm":"s","np":3,"cix":2,"bm":0,"ix":1,"mn":"ADBE Vector Group","hd":false}]},"fFamily":"Helvetica Neue"},{"ch":"t","size":75,"style":"Medium","w":33.3,"data":{"shapes":[{"ty":"gr","it":[{"ind":0,"ty":"sh","ix":1,"ks":{"a":0,"k":{"i":[[0,0],[0,0],[0,0],[-0.367,-1.666],[-1.034,-1.1],[-1.834,-0.566],[-3,0],[-1.2,0.133],[-1.267,0.133],[0,0],[0.8,-0.033],[0.8,0],[0.733,0.3],[0.366,0.6],[0.1,0.867],[0,1.2],[0,0],[0,0],[0,0],[0,0],[0,0],[0,0],[0,0],[0,0]],"o":[[0,0],[0,0],[0.066,2.134],[0.366,1.667],[1.033,1.1],[1.833,0.566],[1.266,0],[1.2,-0.134],[0,0],[-0.8,0.2],[-0.8,0.034],[-1.267,0],[-0.734,-0.3],[-0.367,-0.6],[-0.1,-0.866],[0,0],[0,0],[0,0],[0,0],[0,0],[0,0],[0,0],[0,0],[0,0]],"v":[[0.8,-43.2],[9.4,-43.2],[9.4,-12.7],[10.05,-7],[12.15,-2.85],[16.45,-0.35],[23.7,0.5],[27.4,0.3],[31.1,-0.1],[31.1,-8.9],[28.7,-8.55],[26.3,-8.5],[23.3,-8.95],[21.65,-10.3],[20.95,-12.5],[20.8,-15.6],[20.8,-43.2],[31.1,-43.2],[31.1,-51.7],[20.8,-51.7],[20.8,-67.2],[9.4,-67.2],[9.4,-51.7],[0.8,-51.7]],"c":true},"ix":2},"nm":"t","mn":"ADBE Vector Shape - Group","hd":false}],"nm":"t","np":3,"cix":2,"bm":0,"ix":1,"mn":"ADBE Vector Group","hd":false}]},"fFamily":"Helvetica Neue"},{"ch":"a","size":75,"style":"Medium","w":55.6,"data":{"shapes":[{"ty":"gr","it":[{"ind":0,"ty":"sh","ix":1,"ks":{"a":0,"k":{"i":[[0,0],[1.2,1.9],[1.966,1.2],[2.466,0.534],[2.533,0],[2.733,-0.533],[2.166,-1.333],[1.4,-2.2],[0.2,-3.333],[0,0],[-2.067,1.334],[-3.2,0],[-1.267,-0.166],[-1.034,-0.5],[-0.7,-0.933],[0,-1.466],[0.833,-0.833],[1.433,-0.4],[1.866,-0.166],[2.066,-0.4],[2.366,-0.5],[1.9,-1.133],[1.166,-2],[0,-3.2],[-0.967,-1.9],[-1.634,-1.233],[-2.134,-0.633],[-2.334,0],[-3.3,1],[-2.267,2.2],[-1.534,-0.933],[-2.334,0],[-0.667,0.066],[-0.667,0.133],[-0.634,0.166],[-0.4,0.133],[0,0],[0.466,0],[0.333,0],[0.366,0.6],[0,1.4]],"o":[[0,-2.733],[-1.2,-1.9],[-1.967,-1.2],[-2.467,-0.533],[-2.867,0],[-2.734,0.534],[-2.167,1.334],[-1.4,2.2],[0,0],[0.266,-2.8],[2.066,-1.333],[1.133,0],[1.266,0.167],[1.033,0.5],[0.7,0.934],[0,1.667],[-0.834,0.834],[-1.434,0.4],[-1.867,0.167],[-2.4,0.267],[-2.367,0.5],[-1.9,1.134],[-1.167,2],[0,2.534],[0.966,1.9],[1.633,1.234],[2.133,0.633],[3.066,0],[3.3,-1],[0.466,2.334],[1.533,0.933],[0.466,0],[0.666,-0.067],[0.666,-0.134],[0.633,-0.167],[0,0],[-0.6,0.134],[-0.467,0],[-1.067,0],[-0.367,-0.6],[0,0]],"v":[[49.3,-38.1],[47.5,-45.05],[42.75,-49.7],[36.1,-52.3],[28.6,-53.1],[20.2,-52.3],[12.85,-49.5],[7.5,-44.2],[5.1,-35.9],[16.5,-35.9],[20,-42.1],[27.9,-44.1],[31.5,-43.85],[34.95,-42.85],[37.55,-40.7],[38.6,-37.1],[37.35,-33.35],[33.95,-31.5],[29,-30.65],[23.1,-29.8],[15.95,-28.65],[9.55,-26.2],[4.95,-21.5],[3.2,-13.7],[4.65,-7.05],[8.55,-2.35],[14.2,0.45],[20.9,1.4],[30.45,-0.1],[38.8,-4.9],[41.8,0],[47.6,1.4],[49.3,1.3],[51.3,1],[53.25,0.55],[54.8,0.1],[54.8,-7.8],[53.2,-7.6],[52,-7.6],[49.85,-8.5],[49.3,-11.5]],"c":true},"ix":2},"nm":"a","mn":"ADBE Vector Shape - Group","hd":false},{"ind":1,"ty":"sh","ix":2,"ks":{"a":0,"k":{"i":[[0,0],[0.866,-1.233],[1.3,-0.8],[1.466,-0.333],[1.266,0],[1.233,0.2],[1.033,0.5],[0.733,0.867],[0,1.267],[-0.5,1.034],[-0.867,0.634],[-1.134,0.367],[-1.2,0.2],[-2.534,0.234],[-1.734,1.134]],"o":[[0,1.8],[-0.867,1.234],[-1.3,0.8],[-1.467,0.334],[-1,0],[-1.234,-0.2],[-1.034,-0.5],[-0.734,-0.866],[0,-1.466],[0.5,-1.033],[0.866,-0.633],[1.133,-0.366],[2.533,-0.466],[2.533,-0.233],[0,0]],"v":[[37.9,-17.4],[36.6,-12.85],[33.35,-9.8],[29.2,-8.1],[25.1,-7.6],[21.75,-7.9],[18.35,-8.95],[15.7,-11],[14.6,-14.2],[15.35,-17.95],[17.4,-20.45],[20.4,-21.95],[23.9,-22.8],[31.5,-23.85],[37.9,-25.9]],"c":true},"ix":2},"nm":"a","mn":"ADBE Vector Shape - Group","hd":false}],"nm":"a","np":5,"cix":2,"bm":0,"ix":1,"mn":"ADBE Vector Group","hd":false}]},"fFamily":"Helvetica Neue"},{"ch":"g","size":75,"style":"Medium","w":59.3,"data":{"shapes":[{"ty":"gr","it":[{"ind":0,"ty":"sh","ix":1,"ks":{"a":0,"k":{"i":[[0,0],[0,0],[0,0],[0,0],[2.733,1.367],[3.266,0],[2.9,-1.4],[2,-2.366],[1.066,-3.133],[0,-3.466],[-0.867,-3.266],[-1.9,-2.5],[-2.9,-1.433],[-4.134,0],[-2.767,1.6],[-1.6,2.867],[0,0],[0,0],[2.133,-2.267],[4.6,0],[1.333,0.166],[1.1,0.566],[0.8,1],[0.333,1.6],[0,0],[-1.467,-2.067],[-2.167,-1.267],[-2.634,-0.534],[-2.6,0],[-4.367,3.833],[0,7.8]],"o":[[0,0],[0,0],[0,0],[-1.467,-2.933],[-2.734,-1.366],[-3.667,0],[-2.9,1.4],[-2,2.367],[-1.067,3.134],[0,3.734],[0.866,3.267],[1.9,2.5],[2.9,1.434],[3.2,0],[2.766,-1.6],[0,0],[0,0],[0,4.266],[-2.134,2.266],[-1.467,0],[-1.334,-0.167],[-1.1,-0.567],[-0.8,-1],[0,0],[0.266,3],[1.466,2.066],[2.166,1.266],[2.633,0.533],[8.2,0],[4.366,-3.834],[0,0]],"v":[[53.8,-51.7],[42.4,-51.7],[42.4,-44.6],[42.2,-44.6],[35.9,-51.05],[26.9,-53.1],[17.05,-51],[9.7,-45.35],[5.1,-37.1],[3.5,-27.2],[4.8,-16.7],[8.95,-8.05],[16.15,-2.15],[26.7,0],[35.65,-2.4],[42.2,-9.1],[42.4,-9.1],[42.4,-1.2],[39.2,8.6],[29.1,12],[24.9,11.75],[21.25,10.65],[18.4,8.3],[16.7,4.4],[5.3,4.4],[7.9,12],[13.35,17],[20.55,19.7],[28.4,20.5],[47.25,14.75],[53.8,-2.7]],"c":true},"ix":2},"nm":"g","mn":"ADBE Vector Shape - Group","hd":false},{"ind":1,"ty":"sh","ix":2,"ks":{"a":0,"k":{"i":[[1.7,1],[1.1,1.6],[0.533,2.034],[0,2.134],[-0.467,2.167],[-1.067,1.7],[-1.734,1.067],[-2.534,0],[-1.767,-0.933],[-1.1,-1.6],[-0.534,-2.066],[0,-2.2],[0.5,-2.166],[1.1,-1.7],[1.766,-1.033],[2.533,0]],"o":[[-1.7,-1],[-1.1,-1.6],[-0.534,-2.033],[0,-2.133],[0.466,-2.166],[1.066,-1.7],[1.733,-1.066],[2.466,0],[1.766,0.934],[1.1,1.6],[0.533,2.067],[0,2.2],[-0.5,2.167],[-1.1,1.7],[-1.767,1.034],[-2.4,0]],"v":[[22.35,-10.5],[18.15,-14.4],[15.7,-19.85],[14.9,-26.1],[15.6,-32.55],[17.9,-38.35],[22.1,-42.5],[28.5,-44.1],[34.85,-42.7],[39.15,-38.9],[41.6,-33.4],[42.4,-27],[41.65,-20.45],[39.25,-14.65],[34.95,-10.55],[28.5,-9]],"c":true},"ix":2},"nm":"g","mn":"ADBE Vector Shape - Group","hd":false}],"nm":"g","np":5,"cix":2,"bm":0,"ix":1,"mn":"ADBE Vector Group","hd":false}]},"fFamily":"Helvetica Neue"},{"ch":"r","size":75,"style":"Medium","w":35.2,"data":{"shapes":[{"ty":"gr","it":[{"ind":0,"ty":"sh","ix":1,"ks":{"a":0,"k":{"i":[[0,0],[0,0],[0,0],[-0.734,2.2],[-1.267,1.5],[-1.7,0.767],[-1.934,0],[-0.834,-0.1],[-0.8,-0.133],[0,0],[0.5,0.067],[1.333,0],[1.666,-0.666],[1.366,-1.1],[0.966,-1.333],[0.333,-1.4],[0,0],[0,0],[0,0]],"o":[[0,0],[0,0],[0,-2.866],[0.733,-2.2],[1.266,-1.5],[1.7,-0.766],[0.8,0],[0.833,0.1],[0,0],[-0.534,-0.066],[-0.5,-0.066],[-1.734,0],[-1.667,0.667],[-1.367,1.1],[-0.967,1.334],[0,0],[0,0],[0,0],[0,0]],"v":[[6,0],[17.4,0],[17.4,-24.6],[18.5,-32.2],[21.5,-37.75],[25.95,-41.15],[31.4,-42.3],[33.85,-42.15],[36.3,-41.8],[36.3,-52.8],[34.75,-53],[32,-53.1],[26.9,-52.1],[22.35,-49.45],[18.85,-45.8],[16.9,-41.7],[16.7,-41.7],[16.7,-51.7],[6,-51.7]],"c":true},"ix":2},"nm":"r","mn":"ADBE Vector Shape - Group","hd":false}],"nm":"r","np":3,"cix":2,"bm":0,"ix":1,"mn":"ADBE Vector Group","hd":false}]},"fFamily":"Helvetica Neue"},{"ch":"m","size":75,"style":"Medium","w":87,"data":{"shapes":[{"ty":"gr","it":[{"ind":0,"ty":"sh","ix":1,"ks":{"a":0,"k":{"i":[[0,0],[0,0],[0,0],[-0.634,1.667],[-1.034,1.134],[-1.367,0.6],[-1.467,0],[-1.3,-1.833],[0,-3.6],[0,0],[0,0],[0,0],[-1.734,2.4],[-3.867,0],[-1.267,-0.666],[-0.634,-1.233],[-0.134,-1.7],[0,-2.066],[0,0],[0,0],[0,0],[3.033,2.667],[5.466,0],[2.533,-1.533],[1.933,-2.666],[2.7,1.4],[3.133,0],[1.6,-0.433],[1.233,-0.733],[1,-1.066],[0.866,-1.266],[0,0],[0,0],[0,0]],"o":[[0,0],[0,0],[0,-2.133],[0.633,-1.666],[1.033,-1.133],[1.366,-0.6],[3.466,0],[1.3,1.834],[0,0],[0,0],[0,0],[0,-4.4],[1.733,-2.4],[2.2,0],[1.266,0.667],[0.633,1.234],[0.133,1.7],[0,0],[0,0],[0,0],[0,-6.266],[-3.034,-2.666],[-3.8,0],[-2.534,1.534],[-1.134,-2.933],[-2.7,-1.4],[-2.067,0],[-1.6,0.434],[-1.234,0.734],[-1,1.067],[0,0],[0,0],[0,0],[0,0]],"v":[[6,0],[17.4,0],[17.4,-30.7],[18.35,-36.4],[20.85,-40.6],[24.45,-43.2],[28.7,-44.1],[35.85,-41.35],[37.8,-33.2],[37.8,0],[49.2,0],[49.2,-30.3],[51.8,-40.5],[60.2,-44.1],[65.4,-43.1],[68.25,-40.25],[69.4,-35.85],[69.6,-30.2],[69.6,0],[81,0],[81,-35.7],[76.45,-49.1],[63.7,-53.1],[54.2,-50.8],[47.5,-44.5],[41.75,-51],[33,-53.1],[27.5,-52.45],[23.25,-50.7],[19.9,-48],[17.1,-44.5],[16.8,-44.5],[16.8,-51.7],[6,-51.7]],"c":true},"ix":2},"nm":"m","mn":"ADBE Vector Shape - Group","hd":false}],"nm":"m","np":3,"cix":2,"bm":0,"ix":1,"mn":"ADBE Vector Group","hd":false}]},"fFamily":"Helvetica Neue"}]}