{"v":"4.8.0","meta":{"g":"LottieFiles AE 1.0.0","a":"","k":"","d":"","tc":""},"fr":30,"ip":1,"op":210,"w":1080,"h":1080,"nm":"Linkedin","ddd":0,"assets":[{"id":"comp_0","layers":[{"ddd":0,"ind":1,"ty":5,"nm":"linkedin","sr":1,"ks":{"o":{"a":0,"k":100,"ix":11},"r":{"a":0,"k":0,"ix":10},"p":{"a":0,"k":[540,728.75,0],"ix":2},"a":{"a":0,"k":[141.786,-26.25,0],"ix":1},"s":{"a":0,"k":[100,100,100],"ix":6}},"ao":0,"t":{"d":{"k":[{"s":{"s":75,"f":"HelveticaNeue-Medium","t":"linkedin","j":0,"tr":29,"lh":90,"ls":0,"fc":[0.035,0.4,0.761]},"t":0}]},"p":{},"m":{"g":1,"a":{"a":0,"k":[0,0],"ix":2}},"a":[{"nm":"Animator 1","s":{"t":0,"xe":{"a":0,"k":0,"ix":7},"ne":{"a":0,"k":100,"ix":8},"a":{"a":0,"k":100,"ix":4},"b":1,"rn":0,"sh":2,"s":{"a":1,"k":[{"i":{"x":[0.667],"y":[1]},"o":{"x":[0.333],"y":[0]},"t":94,"s":[0]},{"t":157,"s":[100]}],"ix":1},"e":{"a":0,"k":0,"ix":2},"o":{"a":1,"k":[{"i":{"x":[0.667],"y":[1]},"o":{"x":[0.333],"y":[0]},"t":94,"s":[0]},{"t":157,"s":[100]}],"ix":3},"r":1},"a":{"p":{"a":0,"k":[0,128,0],"ix":2},"o":{"a":0,"k":0,"ix":9}}}]},"ip":0,"op":211,"st":0,"bm":0},{"ddd":0,"ind":2,"ty":4,"nm":"Linkedin Outlines","sr":1,"ks":{"o":{"a":0,"k":100,"ix":11},"r":{"a":0,"k":0,"ix":10},"p":{"a":0,"k":[540.57,540,0],"ix":2},"a":{"a":0,"k":[30,30,0],"ix":1},"s":{"a":1,"k":[{"i":{"x":[0.348,0.348,0.833],"y":[1,1,1]},"o":{"x":[0.618,0.618,0.333],"y":[-0.004,-0.004,0]},"t":84,"s":[0,0,100]},{"t":98,"s":[430,430,100]}],"ix":6}},"ao":0,"shapes":[{"ty":"gr","it":[{"ind":0,"ty":"sh","ix":1,"ks":{"a":0,"k":{"i":[[2.634,-4.344],[0,0],[0.241,0.241],[0.34,0],[2.399,0],[0.24,-0.24],[0,-0.34],[0,-6.037],[-0.241,-0.241],[-0.34,0],[-2.399,0],[-0.241,0.241],[0,0.34],[0,0],[-3.187,-0.099],[-0.539,-4.173],[0,-4.849],[-0.709,0],[-2.517,0],[0,0.708],[0,0],[7.745,0.426]],"o":[[0,0],[0,-0.34],[-0.241,-0.24],[-2.399,0],[-0.34,0],[-0.241,0.241],[0,6.036],[0,0.34],[0.24,0.241],[2.399,0],[0.34,0],[0.241,-0.241],[0,0],[1.474,-6.403],[3.88,0.122],[0,0],[0,0.708],[2.517,0],[0.709,0],[0,-4.895],[-0.604,-13.796],[-5.401,-0.053]],"v":[[2.962,-5.047],[2.962,-8.879],[2.585,-9.787],[1.679,-10.162],[-8.254,-10.162],[-9.161,-9.787],[-9.538,-8.879],[-9.538,28.717],[-9.161,29.624],[-8.254,30],[1.679,30],[2.585,29.624],[2.962,28.717],[2.962,8.136],[10.393,0.117],[16.709,6.939],[16.709,28.717],[17.991,30],[28.584,30],[29.867,28.717],[29.867,6.605],[15.337,-10.973]],"c":true},"ix":2},"nm":"Path 1","mn":"ADBE Vector Shape - Group","hd":false},{"ind":1,"ty":"sh","ix":2,"ks":{"a":0,"k":{"i":[[0,6.036],[0.24,0.241],[0.341,0],[2.398,0],[0.241,-0.24],[0,-0.34],[0,-6.037],[-0.24,-0.241],[-0.341,0],[-2.398,0],[-0.241,0.241],[0,0.34]],"o":[[0,-0.34],[-0.241,-0.24],[-2.398,0],[-0.341,0],[-0.24,0.241],[0,6.036],[0,0.34],[0.241,0.241],[2.398,0],[0.341,0],[0.24,-0.241],[0,-6.037]],"v":[[-15.466,-8.879],[-15.842,-9.787],[-16.75,-10.162],[-26.681,-10.162],[-27.59,-9.787],[-27.965,-8.879],[-27.965,28.717],[-27.59,29.624],[-26.681,30],[-16.75,30],[-15.842,29.624],[-15.466,28.717]],"c":true},"ix":2},"nm":"Path 2","mn":"ADBE Vector Shape - Group","hd":false},{"ind":2,"ty":"sh","ix":3,"ks":{"a":0,"k":{"i":[[-4.501,0],[0,-4.501],[4.501,0],[0,4.501]],"o":[[4.501,0],[0,4.501],[-4.501,0],[0,-4.501]],"v":[[-21.713,-30],[-13.558,-21.845],[-21.713,-13.69],[-29.867,-21.845]],"c":true},"ix":2},"nm":"Path 3","mn":"ADBE Vector Shape - Group","hd":false},{"ty":"mm","mm":1,"nm":"Merge Paths 1","mn":"ADBE Vector Filter - Merge","hd":false},{"ty":"fl","c":{"a":0,"k":[0.035294117647,0.4,0.760784313725,1],"ix":4},"o":{"a":0,"k":100,"ix":5},"r":1,"bm":0,"nm":"Fill 1","mn":"ADBE Vector Graphic - Fill","hd":false},{"ty":"tr","p":{"a":0,"k":[29.867,30],"ix":2},"a":{"a":0,"k":[0,0],"ix":1},"s":{"a":0,"k":[100,100],"ix":3},"r":{"a":0,"k":0,"ix":6},"o":{"a":0,"k":100,"ix":7},"sk":{"a":0,"k":0,"ix":4},"sa":{"a":0,"k":0,"ix":5},"nm":"Transform"}],"nm":"Group 1","np":5,"cix":2,"bm":0,"ix":1,"mn":"ADBE Vector Group","hd":false}],"ip":0,"op":210,"st":0,"bm":0}]}],"fonts":{"list":[{"fName":"HelveticaNeue-Medium","fFamily":"Helvetica Neue","fStyle":"Medium","ascent":71.39892578125}]},"layers":[{"ddd":0,"ind":1,"ty":0,"nm":"Link-txt","refId":"comp_0","sr":1,"ks":{"o":{"a":0,"k":100,"ix":11},"r":{"a":0,"k":0,"ix":10},"p":{"a":1,"k":[{"i":{"x":0.77,"y":0.862},"o":{"x":0.456,"y":0},"t":129,"s":[540,540,0],"to":[0,-2.126,0],"ti":[0,4.135,0]},{"i":{"x":0.77,"y":0.373},"o":{"x":0.367,"y":1},"t":149,"s":[540,497.42,0],"to":[0,-25.359,0],"ti":[0,4.135,0]},{"i":{"x":0.77,"y":0.809},"o":{"x":0.396,"y":0.329},"t":195,"s":[540,497.42,0],"to":[0,-25.359,0],"ti":[0,4.135,0]},{"t":209,"s":[540,497.42,0]}],"ix":2},"a":{"a":0,"k":[540,540,0],"ix":1},"s":{"a":1,"k":[{"i":{"x":[0,0,0.667],"y":[1.003,1.003,1]},"o":{"x":[0.333,0.333,0.333],"y":[0,0,0]},"t":195,"s":[100,100,100]},{"t":209,"s":[0,0,100]}],"ix":6}},"ao":0,"w":1080,"h":1080,"ip":0,"op":210,"st":0,"bm":0},{"ddd":0,"ind":2,"ty":4,"nm":"Linkedin Outlines","td":1,"sr":1,"ks":{"o":{"a":0,"k":100,"ix":11},"r":{"a":0,"k":0,"ix":10},"p":{"a":0,"k":[540.57,540,0],"ix":2},"a":{"a":0,"k":[30,30,0],"ix":1},"s":{"a":0,"k":[430,430,100],"ix":6}},"ao":0,"shapes":[{"ty":"gr","it":[{"ind":0,"ty":"sh","ix":1,"ks":{"a":0,"k":{"i":[[2.634,-4.344],[0,0],[0.241,0.241],[0.34,0],[2.399,0],[0.24,-0.24],[0,-0.34],[0,-6.037],[-0.241,-0.241],[-0.34,0],[-2.399,0],[-0.241,0.241],[0,0.34],[0,0],[-3.187,-0.099],[-0.539,-4.173],[0,-4.849],[-0.709,0],[-2.517,0],[0,0.708],[0,0],[7.745,0.426]],"o":[[0,0],[0,-0.34],[-0.241,-0.24],[-2.399,0],[-0.34,0],[-0.241,0.241],[0,6.036],[0,0.34],[0.24,0.241],[2.399,0],[0.34,0],[0.241,-0.241],[0,0],[1.474,-6.403],[3.88,0.122],[0,0],[0,0.708],[2.517,0],[0.709,0],[0,-4.895],[-0.604,-13.796],[-5.401,-0.053]],"v":[[2.962,-5.047],[2.962,-8.879],[2.585,-9.787],[1.679,-10.162],[-8.254,-10.162],[-9.161,-9.787],[-9.538,-8.879],[-9.538,28.717],[-9.161,29.624],[-8.254,30],[1.679,30],[2.585,29.624],[2.962,28.717],[2.962,8.136],[10.393,0.117],[16.709,6.939],[16.709,28.717],[17.991,30],[28.584,30],[29.867,28.717],[29.867,6.605],[15.337,-10.973]],"c":true},"ix":2},"nm":"Path 1","mn":"ADBE Vector Shape - Group","hd":false},{"ind":1,"ty":"sh","ix":2,"ks":{"a":0,"k":{"i":[[0,6.036],[0.24,0.241],[0.341,0],[2.398,0],[0.241,-0.24],[0,-0.34],[0,-6.037],[-0.24,-0.241],[-0.341,0],[-2.398,0],[-0.241,0.241],[0,0.34]],"o":[[0,-0.34],[-0.241,-0.24],[-2.398,0],[-0.341,0],[-0.24,0.241],[0,6.036],[0,0.34],[0.241,0.241],[2.398,0],[0.341,0],[0.24,-0.241],[0,-6.037]],"v":[[-15.466,-8.879],[-15.842,-9.787],[-16.75,-10.162],[-26.681,-10.162],[-27.59,-9.787],[-27.965,-8.879],[-27.965,28.717],[-27.59,29.624],[-26.681,30],[-16.75,30],[-15.842,29.624],[-15.466,28.717]],"c":true},"ix":2},"nm":"Path 2","mn":"ADBE Vector Shape - Group","hd":false},{"ind":2,"ty":"sh","ix":3,"ks":{"a":0,"k":{"i":[[-4.501,0],[0,-4.501],[4.501,0],[0,4.501]],"o":[[4.501,0],[0,4.501],[-4.501,0],[0,-4.501]],"v":[[-21.713,-30],[-13.558,-21.845],[-21.713,-13.69],[-29.867,-21.845]],"c":true},"ix":2},"nm":"Path 3","mn":"ADBE Vector Shape - Group","hd":false},{"ty":"mm","mm":1,"nm":"Merge Paths 1","mn":"ADBE Vector Filter - Merge","hd":false},{"ty":"fl","c":{"a":0,"k":[0.2,0.458999992819,0.698000021542,1],"ix":4},"o":{"a":0,"k":100,"ix":5},"r":1,"bm":0,"nm":"Fill 1","mn":"ADBE Vector Graphic - Fill","hd":false},{"ty":"tr","p":{"a":0,"k":[29.867,30],"ix":2},"a":{"a":0,"k":[0,0],"ix":1},"s":{"a":0,"k":[100,100],"ix":3},"r":{"a":0,"k":0,"ix":6},"o":{"a":0,"k":100,"ix":7},"sk":{"a":0,"k":0,"ix":4},"sa":{"a":0,"k":0,"ix":5},"nm":"Transform"}],"nm":"Group 1","np":5,"cix":2,"bm":0,"ix":1,"mn":"ADBE Vector Group","hd":false}],"ip":0,"op":210,"st":0,"bm":0},{"ddd":0,"ind":3,"ty":4,"nm":"Shape Layer 1","tt":2,"sr":1,"ks":{"o":{"a":0,"k":100,"ix":11},"r":{"a":0,"k":0,"ix":10},"p":{"a":0,"k":[540,540,0],"ix":2},"a":{"a":0,"k":[0,0,0],"ix":1},"s":{"a":0,"k":[41,41,100],"ix":6}},"ao":0,"shapes":[{"ty":"gr","it":[{"d":3,"ty":"el","s":{"a":0,"k":[1080,1080],"ix":2},"p":{"a":0,"k":[0,0],"ix":3},"nm":"Ellipse Path 1","mn":"ADBE Vector Shape - Ellipse","hd":false},{"ty":"tm","s":{"a":1,"k":[{"i":{"x":[0.833],"y":[1]},"o":{"x":[0.167],"y":[0]},"t":17,"s":[100]},{"i":{"x":[0.833],"y":[1]},"o":{"x":[0.167],"y":[0]},"t":56,"s":[0]},{"i":{"x":[0.833],"y":[1]},"o":{"x":[0.167],"y":[0]},"t":90,"s":[0]},{"t":106,"s":[100]}],"ix":1},"e":{"a":0,"k":100,"ix":2},"o":{"a":0,"k":-182,"ix":3},"m":1,"ix":2,"nm":"Trim Paths 1","mn":"ADBE Vector Filter - Trim","hd":false},{"ty":"fl","c":{"a":0,"k":[0.035294117647,0.4,0.760784313725,1],"ix":4},"o":{"a":0,"k":100,"ix":5},"r":2,"bm":0,"nm":"Fill 1","mn":"ADBE Vector Graphic - Fill","hd":false},{"ty":"tr","p":{"a":0,"k":[0,0],"ix":2},"a":{"a":0,"k":[0,0],"ix":1},"s":{"a":0,"k":[100,100],"ix":3},"r":{"a":0,"k":0,"ix":6},"o":{"a":0,"k":100,"ix":7},"sk":{"a":0,"k":0,"ix":4},"sa":{"a":0,"k":0,"ix":5},"nm":"Transform"}],"nm":"Ellipse 1","np":4,"cix":2,"bm":0,"ix":1,"mn":"ADBE Vector Group","hd":false}],"ip":0,"op":214,"st":0,"bm":0},{"ddd":0,"ind":4,"ty":4,"nm":"Base-01","sr":1,"ks":{"o":{"a":0,"k":100,"ix":11},"r":{"a":0,"k":0,"ix":10},"p":{"a":0,"k":[540,540,0],"ix":2},"a":{"a":0,"k":[0,0,0],"ix":1},"s":{"a":1,"k":[{"i":{"x":[0.38,0.38,0.38],"y":[1,1,1]},"o":{"x":[0.62,0.62,0.62],"y":[0,0,0]},"t":59,"s":[100,100,100]},{"t":90,"s":[100,100,100]}],"ix":6}},"ao":0,"shapes":[{"ty":"gr","it":[{"d":1,"ty":"el","s":{"a":0,"k":[550,550],"ix":2},"p":{"a":0,"k":[0,0],"ix":3},"nm":"Ellipse Path 1","mn":"ADBE Vector Shape - Ellipse","hd":false},{"ty":"st","c":{"a":0,"k":[0.035294117647,0.4,0.760784313725,1],"ix":3},"o":{"a":0,"k":100,"ix":4},"w":{"a":0,"k":30,"ix":5},"lc":1,"lj":1,"ml":4,"bm":0,"nm":"Stroke 1","mn":"ADBE Vector Graphic - Stroke","hd":false},{"ty":"tr","p":{"a":0,"k":[0,0],"ix":2},"a":{"a":0,"k":[0,0],"ix":1},"s":{"a":0,"k":[100,100],"ix":3},"r":{"a":0,"k":0,"ix":6},"o":{"a":0,"k":100,"ix":7},"sk":{"a":0,"k":0,"ix":4},"sa":{"a":0,"k":0,"ix":5},"nm":"Transform"}],"nm":"Ellipse 1","np":2,"cix":2,"bm":0,"ix":1,"mn":"ADBE Vector Group","hd":false},{"ty":"tm","s":{"a":0,"k":0,"ix":1},"e":{"a":1,"k":[{"i":{"x":[0.261],"y":[1.016]},"o":{"x":[0.718],"y":[-0.018]},"t":0,"s":[0]},{"i":{"x":[0.261],"y":[1.823]},"o":{"x":[0.167],"y":[0]},"t":59,"s":[100]},{"i":{"x":[0.667],"y":[1]},"o":{"x":[0.167],"y":[0]},"t":90,"s":[100]},{"t":106,"s":[0]}],"ix":2},"o":{"a":1,"k":[{"i":{"x":[0.261],"y":[1.009]},"o":{"x":[0.718],"y":[-0.01]},"t":0,"s":[-180]},{"i":{"x":[0.261],"y":[1.823]},"o":{"x":[0.167],"y":[0]},"t":59,"s":[0]},{"i":{"x":[0.667],"y":[1]},"o":{"x":[0.167],"y":[0]},"t":90,"s":[0]},{"t":106,"s":[180]}],"ix":3},"m":1,"ix":2,"nm":"Trim Paths 1","mn":"ADBE Vector Filter - Trim","hd":false}],"ip":0,"op":214,"st":0,"bm":0}],"markers":[],"chars":[{"ch":"l","size":75,"style":"Medium","w":24.1,"data":{"shapes":[{"ty":"gr","it":[{"ind":0,"ty":"sh","ix":1,"ks":{"a":0,"k":{"i":[[0,0],[0,0],[0,0],[0,0]],"o":[[0,0],[0,0],[0,0],[0,0]],"v":[[6.3,0],[17.7,0],[17.7,-71.4],[6.3,-71.4]],"c":true},"ix":2},"nm":"l","mn":"ADBE Vector Shape - Group","hd":false}],"nm":"l","np":3,"cix":2,"bm":0,"ix":1,"mn":"ADBE Vector Group","hd":false}]},"fFamily":"Helvetica Neue"},{"ch":"i","size":75,"style":"Medium","w":24.1,"data":{"shapes":[{"ty":"gr","it":[{"ind":0,"ty":"sh","ix":1,"ks":{"a":0,"k":{"i":[[0,0],[0,0],[0,0],[0,0]],"o":[[0,0],[0,0],[0,0],[0,0]],"v":[[6.3,-60.6],[17.7,-60.6],[17.7,-71.4],[6.3,-71.4]],"c":true},"ix":2},"nm":"i","mn":"ADBE Vector Shape - Group","hd":false},{"ind":1,"ty":"sh","ix":2,"ks":{"a":0,"k":{"i":[[0,0],[0,0],[0,0],[0,0]],"o":[[0,0],[0,0],[0,0],[0,0]],"v":[[6.3,0],[17.7,0],[17.7,-51.7],[6.3,-51.7]],"c":true},"ix":2},"nm":"i","mn":"ADBE Vector Shape - Group","hd":false}],"nm":"i","np":5,"cix":2,"bm":0,"ix":1,"mn":"ADBE Vector Group","hd":false}]},"fFamily":"Helvetica Neue"},{"ch":"n","size":75,"style":"Medium","w":57.4,"data":{"shapes":[{"ty":"gr","it":[{"ind":0,"ty":"sh","ix":1,"ks":{"a":0,"k":{"i":[[0,0],[0,0],[0,0],[-0.6,1.667],[-1.067,1.234],[-1.534,0.7],[-1.934,0],[-1.6,-1.833],[-0.134,-4.066],[0,0],[0,0],[0,0],[3.266,2.934],[5.666,0],[2.8,-1.633],[1.733,-2.866],[0,0],[0,0],[0,0]],"o":[[0,0],[0,0],[0,-1.866],[0.6,-1.666],[1.066,-1.233],[1.533,-0.7],[3.4,0],[1.6,1.834],[0,0],[0,0],[0,0],[0,-5.866],[-3.267,-2.933],[-3.4,0],[-2.8,1.634],[0,0],[0,0],[0,0],[0,0]],"v":[[6,0],[17.4,0],[17.4,-30.5],[18.3,-35.8],[20.8,-40.15],[24.7,-43.05],[29.9,-44.1],[37.4,-41.35],[40,-32.5],[40,0],[51.4,0],[51.4,-35.5],[46.5,-48.7],[33.1,-53.1],[23.8,-50.65],[17,-43.9],[16.8,-44.1],[16.8,-51.7],[6,-51.7]],"c":true},"ix":2},"nm":"n","mn":"ADBE Vector Shape - Group","hd":false}],"nm":"n","np":3,"cix":2,"bm":0,"ix":1,"mn":"ADBE Vector Group","hd":false}]},"fFamily":"Helvetica Neue"},{"ch":"k","size":75,"style":"Medium","w":53.7,"data":{"shapes":[{"ty":"gr","it":[{"ind":0,"ty":"sh","ix":1,"ks":{"a":0,"k":{"i":[[0,0],[0,0],[0,0],[0,0],[0,0],[0,0],[0,0],[0,0],[0,0],[0,0],[0,0],[0,0]],"o":[[0,0],[0,0],[0,0],[0,0],[0,0],[0,0],[0,0],[0,0],[0,0],[0,0],[0,0],[0,0]],"v":[[6.3,0],[17.7,0],[17.7,-18.5],[24.5,-25.1],[40.3,0],[54.2,0],[32.5,-32.7],[52.3,-51.7],[38.3,-51.7],[17.7,-30.8],[17.7,-71.4],[6.3,-71.4]],"c":true},"ix":2},"nm":"k","mn":"ADBE Vector Shape - Group","hd":false}],"nm":"k","np":3,"cix":2,"bm":0,"ix":1,"mn":"ADBE Vector Group","hd":false}]},"fFamily":"Helvetica Neue"},{"ch":"e","size":75,"style":"Medium","w":55.6,"data":{"shapes":[{"ty":"gr","it":[{"ind":0,"ty":"sh","ix":1,"ks":{"a":0,"k":{"i":[[0,0],[-0.7,1.667],[-1.167,1.234],[-1.634,0.7],[-2,0],[-1.567,-0.766],[-1.1,-1.233],[-0.634,-1.666],[-0.134,-1.8]],"o":[[0.066,-1.933],[0.7,-1.666],[1.166,-1.233],[1.633,-0.7],[1.933,0],[1.566,0.767],[1.1,1.234],[0.633,1.667],[0,0]],"v":[[14.9,-30.4],[16.05,-35.8],[18.85,-40.15],[23.05,-43.05],[28.5,-44.1],[33.75,-42.95],[37.75,-39.95],[40.35,-35.6],[41.5,-30.4]],"c":true},"ix":2},"nm":"e","mn":"ADBE Vector Shape - Group","hd":false},{"ind":1,"ty":"sh","ix":2,"ks":{"a":0,"k":{"i":[[0,0],[0.966,3.634],[2.133,2.8],[3.233,1.7],[4.066,0],[3.066,-1.466],[2.166,-2.5],[1.166,-3.3],[0,-3.666],[-1.1,-3.333],[-2.167,-2.4],[-3.134,-1.333],[-4.067,0],[-2.567,0.766],[-2.067,1.5],[-1.467,2.2],[-0.6,2.8],[0,0],[2.033,-1.433],[3.333,0],[1.733,0.834],[1.133,1.4],[0.566,1.867],[0,2]],"o":[[0.466,-3.866],[-0.967,-3.633],[-2.134,-2.8],[-3.234,-1.7],[-3.867,0],[-3.067,1.467],[-2.167,2.5],[-1.167,3.3],[0,4],[1.1,3.334],[2.166,2.4],[3.133,1.333],[2.8,0],[2.566,-0.766],[2.066,-1.5],[1.466,-2.2],[0,0],[-1,2.867],[-2.034,1.434],[-2.4,0],[-1.734,-0.833],[-1.134,-1.4],[-0.567,-1.866],[0,0]],"v":[[52.9,-22.9],[52.15,-34.15],[47.5,-43.8],[39.45,-50.55],[28.5,-53.1],[18.1,-50.9],[10.25,-44.95],[5.25,-36.25],[3.5,-25.8],[5.15,-14.8],[10.05,-6.2],[18,-0.6],[28.8,1.4],[36.85,0.25],[43.8,-3.15],[49.1,-8.7],[52.2,-16.2],[41.4,-16.2],[36.85,-9.75],[28.8,-7.6],[22.6,-8.85],[18.3,-12.2],[15.75,-17.1],[14.9,-22.9]],"c":true},"ix":2},"nm":"e","mn":"ADBE Vector Shape - Group","hd":false}],"nm":"e","np":5,"cix":2,"bm":0,"ix":1,"mn":"ADBE Vector Group","hd":false}]},"fFamily":"Helvetica Neue"},{"ch":"d","size":75,"style":"Medium","w":61.1,"data":{"shapes":[{"ty":"gr","it":[{"ind":0,"ty":"sh","ix":1,"ks":{"a":0,"k":{"i":[[0,0],[0,0],[0,0],[0,0],[1.3,1.034],[1.533,0.667],[1.666,0.3],[1.6,0],[2.7,-1.033],[2.1,-2.2],[1.266,-3.4],[0,-4.666],[-1,-3.366],[-2,-2.466],[-3.034,-1.433],[-4.067,0],[-2.934,1.3],[-1.534,3],[0,0],[0,0],[0,0]],"o":[[0,0],[0,0],[0,0],[-0.867,-1.4],[-1.3,-1.033],[-1.534,-0.666],[-1.667,-0.3],[-2.8,0],[-2.7,1.034],[-2.1,2.2],[-1.267,3.4],[0,3.867],[1,3.367],[2,2.467],[3.033,1.433],[3.266,0],[2.933,-1.3],[0,0],[0,0],[0,0],[0,0]],"v":[[54.7,-71.4],[43.3,-71.4],[43.3,-45],[43.1,-45],[39.85,-48.65],[35.6,-51.2],[30.8,-52.65],[25.9,-53.1],[17.65,-51.55],[10.45,-46.7],[5.4,-38.3],[3.5,-26.2],[5,-15.35],[9.5,-6.6],[17.05,-0.75],[27.7,1.4],[37,-0.55],[43.7,-7],[43.9,-7],[43.9,0],[54.7,0]],"c":true},"ix":2},"nm":"d","mn":"ADBE Vector Shape - Group","hd":false},{"ind":1,"ty":"sh","ix":2,"ks":{"a":0,"k":{"i":[[-0.5,2.234],[-1.167,1.767],[-1.834,1.1],[-2.667,0],[-2.567,-3.2],[0,-5.733],[0.566,-2.166],[1.166,-1.733],[1.833,-1.066],[2.533,0],[1.8,1],[1.166,1.667],[0.566,2.134],[0,2.2]],"o":[[0.5,-2.233],[1.166,-1.766],[1.833,-1.1],[4.4,0],[2.566,3.2],[0,2.267],[-0.567,2.167],[-1.167,1.734],[-1.834,1.067],[-2.467,0],[-1.8,-1],[-1.167,-1.666],[-0.567,-2.133],[0,-2.333]],"v":[[15.65,-32.15],[18.15,-38.15],[22.65,-42.45],[29.4,-44.1],[39.85,-39.3],[43.7,-25.9],[42.85,-19.25],[40.25,-13.4],[35.75,-9.2],[29.2,-7.6],[22.8,-9.1],[18.35,-13.1],[15.75,-18.8],[14.9,-25.3]],"c":true},"ix":2},"nm":"d","mn":"ADBE Vector Shape - Group","hd":false}],"nm":"d","np":5,"cix":2,"bm":0,"ix":1,"mn":"ADBE Vector Group","hd":false}]},"fFamily":"Helvetica Neue"}]}